Web_view,Report_date,Symptom_date,Reporter,State,County,Nearest_landmark,Planting_type,Host,Host_other,%Incidence,%Leaf_area,Latitude,Longitude,Verification_method,Presence
http://www.nc-climate.ncsu.edu/cucurbit/moderate/viewreport.php?id=61,6/23/2009,6/7/2009,edward sikora,AL,Escambia County,Brewton,Sentinel Plot,Butternut squash,,100,20,31.1188,-87.0746,Light Microscope; After Incubation,no longer found
http://www.nc-climate.ncsu.edu/cucurbit/moderate/viewreport.php?id=72,6/27/2009,6/1/2009,edward sikora,AL,Henry County,Headland,Sentinel Plot,Butternut squash,,100,35,31.3515,-85.3429,Visual; No Incubation,no longer found
http://www.nc-climate.ncsu.edu/cucurbit/moderate/viewreport.php?id=90,6/30/2009,6/30/2009,W. Britton,AL,Cullman County,Cullman,Sentinel Plot,"Acorn squash, Yellow/Summer squash, Butternut squash, Cantaloupe, Cucumber, Giant pumpkin, Watermelon",,0,0,34.176,-86.8409,Visual; After Incubation,no
http://www.nc-climate.ncsu.edu/cucurbit/moderate/viewreport.php?id=89,6/30/2009,6/30/2009,W. Britton,AL,Macon County,Shorter,Sentinel Plot,"Acorn squash, Yellow/Summer squash, Butternut squash, Cantaloupe, Cucumber, Giant pumpkin",,0,0,32.4389,-85.8864,Visual; After Incubation,no
http://www.nc-climate.ncsu.edu/cucurbit/moderate/viewreport.php?id=224,7/29/2009,7/14/2009,edward sikora,AL,Henry County,Headland,Sentinel Plot,"Cantaloupe, Cucumber",,100,10,31.3515,-85.3429,Visual; After Incubation,no longer found
http://www.nc-climate.ncsu.edu/cucurbit/moderate/viewreport.php?id=225,7/29/2009,7/20/2009,edward sikora,AL,escambia County,Brewton,Sentinel Plot,"Cantaloupe, Cucumber, Giant pumpkin",,100,12,31.1188,-87.0746,Visual; After Incubation,no longer found
http://www.nc-climate.ncsu.edu/cucurbit/moderate/viewreport.php?id=230,7/29/2009,7/20/2009,edward sikora,AL,talladega County,talladega,Commercial Field,Cucumber,,100,30,33.4335,-86.0974,Visual; No Incubation,no longer found
http://www.nc-climate.ncsu.edu/cucurbit/moderate/viewreport.php?id=341,8/20/2009,8/12/2009,edward sikora,AL,Chambers County,LaFayette,Commercial Field,,pumpkin,85,0,32.8998,-85.4012,Visual; No Incubation,no longer found
http://www.nc-climate.ncsu.edu/cucurbit/moderate/viewreport.php?id=359,8/25/2009,8/14/2009,edward sikora,AL,Cullman County,Cullman,Commercial Field,Cucumber,,50,0,34.176,-86.8409,Visual; No Incubation,no longer found
http://www.nc-climate.ncsu.edu/cucurbit/moderate/viewreport.php?id=361,8/26/2009,8/20/2009,edward sikora,AL,Lee County,auburn,Home Garden,Giant pumpkin,,100,0,32.5963,-85.4817,Visual; No Incubation,no longer found
http://www.nc-climate.ncsu.edu/cucurbit/moderate/viewreport.php?id=360,8/26/2009,8/21/2009,edward sikora,AL,Macon County,Shorter,Research Plot,Giant pumpkin,,100,35,32.3993,-85.9344,Dissecting Microscope; No Incubation,no longer found
http://www.nc-climate.ncsu.edu/cucurbit/moderate/viewreport.php?id=366,8/28/2009,8/15/2009,e. sikora,AL,Jackson County,Bryant,Commercial Field,Giant pumpkin,,100,0,34.9439,-85.6322,Visual; After Incubation,no longer found
http://www.nc-climate.ncsu.edu/cucurbit/moderate/viewreport.php?id=364,8/28/2009,8/22/2009,edward sikora,AL,Henry County,Headland,Research Plot,Cucumber,,100,0,31.3515,-85.3429,Visual; No Incubation,no longer found
http://www.nc-climate.ncsu.edu/cucurbit/moderate/viewreport.php?id=367,8/28/2009,8/22/2009,e. sikora,AL,jackson County,Stevenson,Commercial Field,"Acorn squash, Yellow/Summer squash, Giant pumpkin",squash,30,30,34.8673,-85.8369,Visual; After Incubation,no longer found
http://www.nc-climate.ncsu.edu/cucurbit/moderate/viewreport.php?id=365,8/28/2009,8/24/2009,e. sikora,AL,jefferson County,Birmingham,Home Garden,Cantaloupe,,100,0,33.5189,-86.8161,Visual; No Incubation,no longer found
http://www.nc-climate.ncsu.edu/cucurbit/moderate/viewreport.php?id=431,9/23/2009,9/15/2009,sikora,AL,lauderdale County,Rogersville,Home Garden,Giant pumpkin,,100,0,34.8243,-87.2944,Dissecting Microscope; No Incubation,yes
http://www.nc-climate.ncsu.edu/cucurbit/moderate/viewreport.php?id=43,6/5/2009,6/1/2009,Steven Koike,CA,Santa Cruz County,"Watsonville, CA",Commercial Field,Cucumber,,100,25,36.9165,-121.772,Light Microscope; Before Incubation,yes
http://www.nc-climate.ncsu.edu/cucurbit/moderate/viewreport.php?id=210,7/27/2009,7/12/2009,Steven Koike,CA,Santa Cruz County,"Watsonville, California",Commercial Field,Cucumber,,60,20,36.9207,-121.753,Visual; No Incubation,yes
http://www.nc-climate.ncsu.edu/cucurbit/moderate/viewreport.php?id=211,7/27/2009,7/20/2009,Steven Koike,CA,Santa Cruz County,"Santa Cruz, California",Commercial Field,Cucumber,,50,20,36.993,-121.985,Visual; No Incubation,yes
http://www.nc-climate.ncsu.edu/cucurbit/moderate/viewreport.php?id=410,9/16/2009,9/1/2009,Brenna Aegerter,CA,San Joaquin County,Stockton,Commercial Field,Cucumber,,100,0,37.9576,-121.291,Dissecting Microscope; No Incubation,yes
http://www.nc-climate.ncsu.edu/cucurbit/moderate/viewreport.php?id=454,10/29/2009,10/1/2009,Steven Koike,CA,Monterey County,"Salinas, California",Sentinel Plot,"Cantaloupe, Cucumber",,100,50,36.6517,-121.625,Dissecting Microscope; No Incubation,yes
http://www.nc-climate.ncsu.edu/cucurbit/moderate/viewreport.php?id=453,10/29/2009,10/1/2009,Steven Koike,CA,Santa Cruz County,"Watsonville, California",Sentinel Plot,"Cantaloupe, Cucumber",,100,50,36.9102,-121.757,Dissecting Microscope; No Incubation,yes
http://www.nc-climate.ncsu.edu/cucurbit/moderate/viewreport.php?id=329,8/19/2009,9/19/2009,M Bess Dicklow,CT,Hartford County,Simsbury,Commercial Field,Cucumber,,10,40,41.854,-72.8279,Dissecting Microscope; No Incubation,no longer found
http://www.nc-climate.ncsu.edu/cucurbit/moderate/viewreport.php?id=155,7/13/2009,7/13/2009,Nancy Gregory,DE,Sussex County,Georgetown,Sentinel Plot,Cucumber,,100,2,38.6903,-75.3856,Dissecting Microscope; No Incubation,no longer found
http://www.nc-climate.ncsu.edu/cucurbit/moderate/viewreport.php?id=208,7/27/2009,7/3/2009,Bob Mulrooney,DE,Sussex County,Bridgeville,Commercial Field,Cucumber,,5,2,38.7442,-75.5992,Visual; No Incubation,no longer found
http://www.nc-climate.ncsu.edu/cucurbit/moderate/viewreport.php?id=212,7/27/2009,7/13/2009,Bob Mulrooney,DE,Kent County,Frederica,Commercial Field,Cucumber,,5,10,39.0093,-75.4647,Visual; After Incubation,no longer found
http://www.nc-climate.ncsu.edu/cucurbit/moderate/viewreport.php?id=207,7/27/2009,7/20/2009,Bob Mulrooney,DE,Sussex County,Georgetown,Sentinel Plot,Cucumber,,20,10,38.6903,-75.3856,Dissecting Microscope; No Incubation,no longer found
http://www.nc-climate.ncsu.edu/cucurbit/moderate/viewreport.php?id=209,7/27/2009,7/27/2009,Bob Mulrooney,DE,Sussex County,Lincoln,Commercial Field,Cucumber,,1,0.1,38.8699,-75.4236,Visual; No Incubation,no longer found
http://www.nc-climate.ncsu.edu/cucurbit/moderate/viewreport.php?id=232,7/31/2009,7/29/2009,Bob Mulrooney,DE,New Castle County,Newark,Sentinel Plot,Cucumber,,40,2,39.6775,-75.7536,Hand lens - field identification,no longer found
http://www.nc-climate.ncsu.edu/cucurbit/moderate/viewreport.php?id=280,8/10/2009,8/6/2009,Bbo Mulrooney,DE,New Castle County,Newark,Sentinel Plot,"Butternut squash, Watermelon",,50,5,39.6775,-75.7536,Dissecting Microscope; No Incubation,no longer found
http://www.nc-climate.ncsu.edu/cucurbit/moderate/viewreport.php?id=281,8/10/2009,8/6/2009,Bob Mulrooney,DE,New Castle County,Newark,Home Garden,,pumpkin-jackolantern type,50,10,39.6775,-75.7536,Visual; No Incubation,no longer found
http://www.nc-climate.ncsu.edu/cucurbit/moderate/viewreport.php?id=302,8/14/2009,8/12/2009,Bob Mulrooney,DE,Sussex County,Georgetown,Sentinel Plot,Butternut squash,,50,2,38.6903,-75.3856,Light Microscope; Before Incubation,no longer found
http://www.nc-climate.ncsu.edu/cucurbit/moderate/viewreport.php?id=315,8/17/2009,8/15/2009,Bob Mulrooney,DE,Sussex County,Georgetown,Sentinel Plot,Watermelon,,25,5,38.6903,-75.3856,Light Microscope; Before Incubation,no longer found
http://www.nc-climate.ncsu.edu/cucurbit/moderate/viewreport.php?id=330,8/19/2009,8/16/2009,Bob Mulrooney,DE,New CAstle County,Newark,Sentinel Plot,"Acorn squash, Yellow/Summer squash",,50,5,39.6775,-75.7536,Light Microscope; Before Incubation,no longer found
http://www.nc-climate.ncsu.edu/cucurbit/moderate/viewreport.php?id=356,8/24/2009,8/24/2009,Bob MUlrooney,DE,Sussex County,Georgetown,Sentinel Plot,"Acorn squash, Yellow/Summer squash, Cantaloupe",,50,5,38.6903,-75.3856,Dissecting Microscope; No Incubation,no longer found
http://www.nc-climate.ncsu.edu/cucurbit/moderate/viewreport.php?id=9,1/1/2009,1/1/2009,Wendy Britton,FL,Collier County,,,Giant pumpkin,,0,20,26.3,-81.3,Visual; After Incubation,no longer found
http://www.nc-climate.ncsu.edu/cucurbit/moderate/viewreport.php?id=10,1/1/2009,1/1/2009,Wendy Britton,FL,Collier County,,,Cantaloupe,,0,20,26.3,-81.3,Visual; After Incubation,no longer found
http://www.nc-climate.ncsu.edu/cucurbit/moderate/viewreport.php?id=11,1/1/2009,1/1/2009,Wendy Britton,FL,Collier County,,,Butternut squash,,0,20,26.3,-81.3,Visual; After Incubation,no longer found
http://www.nc-climate.ncsu.edu/cucurbit/moderate/viewreport.php?id=12,1/1/2009,1/1/2009,Wendy Britton,FL,Collier County,,,"Acorn squash, Yellow/Summer squash",,0,20,26.3,-81.3,Visual; After Incubation,no longer found
http://www.nc-climate.ncsu.edu/cucurbit/moderate/viewreport.php?id=13,1/1/2009,1/1/2009,Wendy Britton,FL,Collier County,,,Cucumber,,0,20,26.3,-81.3,Visual; After Incubation,no longer found
http://www.nc-climate.ncsu.edu/cucurbit/moderate/viewreport.php?id=16,1/1/2009,1/1/2009,Wendy Britton,FL,Collier County,,,Watermelon,,0,10,26.07,-81.4279,Visual; After Incubation,no longer found
http://www.nc-climate.ncsu.edu/cucurbit/moderate/viewreport.php?id=17,1/1/2009,1/1/2009,Wendy Britton,FL,Collier County,,,Watermelon,,0,10,26.07,-81.4279,Visual; After Incubation,no longer found
http://www.nc-climate.ncsu.edu/cucurbit/moderate/viewreport.php?id=20,1/1/2009,1/1/2009,Wendy Britton,FL,Hendry County,,,Butternut squash,,0,20,26.6105,-81.0755,Visual; After Incubation,no longer found
http://www.nc-climate.ncsu.edu/cucurbit/moderate/viewreport.php?id=21,1/1/2009,1/1/2009,Wendy Britton,FL,Hendry County,,,"Acorn squash, Yellow/Summer squash",,0,20,26.6105,-81.0755,Visual; After Incubation,no longer found
http://www.nc-climate.ncsu.edu/cucurbit/moderate/viewreport.php?id=1,1/1/2009,1/1/2009,Wendy Britton,FL,Lee County,,,Cucumber,,0,20,26.663,-81.9535,Visual; After Incubation,no longer found
http://www.nc-climate.ncsu.edu/cucurbit/moderate/viewreport.php?id=14,1/1/2009,1/1/2009,Wendy Britton,FL,Martin County,,,"Acorn squash, Yellow/Summer squash",,0,10,27.0805,-80.4104,Visual; After Incubation,no longer found
http://www.nc-climate.ncsu.edu/cucurbit/moderate/viewreport.php?id=15,1/1/2009,1/1/2009,Wendy Britton,FL,Martin County,,,Cucumber,,0,10,27.0805,-80.4104,Visual; After Incubation,no longer found
http://www.nc-climate.ncsu.edu/cucurbit/moderate/viewreport.php?id=2,1/1/2009,1/1/2009,Wendy Britton,FL,Miami-Dade County,,,Giant pumpkin,,0,5,25.5516,-80.6327,Visual; After Incubation,no longer found
http://www.nc-climate.ncsu.edu/cucurbit/moderate/viewreport.php?id=3,1/1/2009,1/1/2009,Wendy Britton,FL,Miami-Dade County,,,Butternut squash,,0,5,25.5516,-80.6327,Visual; After Incubation,no longer found
http://www.nc-climate.ncsu.edu/cucurbit/moderate/viewreport.php?id=4,1/1/2009,1/1/2009,Wendy Britton,FL,Miami-Dade County,,,Cucumber,,0,5,25.5516,-80.6327,,no longer found
http://www.nc-climate.ncsu.edu/cucurbit/moderate/viewreport.php?id=5,1/1/2009,1/1/2009,Wendy Britton,FL,Miami-Dade County,,,Cucumber,,0,5,25.5516,-80.6327,,no longer found
http://www.nc-climate.ncsu.edu/cucurbit/moderate/viewreport.php?id=6,1/1/2009,1/1/2009,Wendy Britton,FL,Miami-Dade County,,,Cantaloupe,,0,0,25.5516,-80.6327,,no longer found
http://www.nc-climate.ncsu.edu/cucurbit/moderate/viewreport.php?id=7,1/1/2009,1/1/2009,Wendy Britton,FL,Miami-Dade County,,,"Acorn squash, Yellow/Summer squash",,0,0,25.5516,-80.6327,,no longer found
http://www.nc-climate.ncsu.edu/cucurbit/moderate/viewreport.php?id=8,1/1/2009,1/1/2009,Wendy Britton,FL,Miami-Dade County,,,Watermelon,,0,0,25.5516,-80.6327,,no longer found
http://www.nc-climate.ncsu.edu/cucurbit/moderate/viewreport.php?id=18,1/1/2009,1/1/2009,Wendy Britton,FL,Palm Beach County,,,"Acorn squash, Yellow/Summer squash",,0,10,26.6515,-80.2767,Visual; After Incubation,no longer found
http://www.nc-climate.ncsu.edu/cucurbit/moderate/viewreport.php?id=19,1/1/2009,1/1/2009,Wendy Britton,FL,Palm Beach County,,,Cucumber,,0,10,26.6515,-80.2767,Visual; After Incubation,no longer found
http://www.nc-climate.ncsu.edu/cucurbit/moderate/viewreport.php?id=22,3/23/2009,3/23/2009,Shouan Zhang,FL,Miami-Dade County,Homestead,Sentinel Plot,"Butternut squash, Cantaloupe, Cucumber, Giant pumpkin",,0,0,25.465,-80.443,Light Microscope; Before Incubation,no longer found
http://www.nc-climate.ncsu.edu/cucurbit/moderate/viewreport.php?id=23,4/15/2009,4/15/2009,Rosa Muchovej,Fl,Collier County,Naples,Sentinel Plot,Cucumber,,1,35,26.1474,-81.7955,Light Microscope; Before Incubation,no longer found
http://www.nc-climate.ncsu.edu/cucurbit/moderate/viewreport.php?id=24,4/20/2009,4/20/2009,Rosa Muchovej,Fl,Collier County,Naples,Sentinel Plot,,"Cucurbita pepo ""Table Queen"" ",30,15,26.1474,-81.7955,Dissecting Microscope; No Incubation,no longer found
http://www.nc-climate.ncsu.edu/cucurbit/moderate/viewreport.php?id=27,4/22/2009,4/17/2009,Amanda Gevens,FL,Marion County,Citra,Research Plot,Cucumber,,10,10,29.186,-82.136,Light Microscope; Before Incubation,no longer found
http://www.nc-climate.ncsu.edu/cucurbit/moderate/viewreport.php?id=26,4/22/2009,4/22/2009,Rosa Muchovej,FL,Collier County,Naples,Sentinel Plot,,"Cucumis melo ""Hales Best Jumbo""  ",10,30,26.1474,-81.7955,Light Microscope; Before Incubation,no longer found
http://www.nc-climate.ncsu.edu/cucurbit/moderate/viewreport.php?id=28,4/24/2009,4/24/2009,Rosa Muchovej,FL,Collier County,Naples,Sentinel Plot,Butternut squash,,10,15,26.1474,-81.7955,Light Microscope; Before Incubation,no longer found
http://www.nc-climate.ncsu.edu/cucurbit/moderate/viewreport.php?id=29,4/27/2009,4/27/2009,Rosa Muchovej,FL,Collier County,Naples,Sentinel Plot,Giant pumpkin,,3.5,15,26.1474,-81.7955,Light Microscope; Before Incubation,no longer found
http://www.nc-climate.ncsu.edu/cucurbit/moderate/viewreport.php?id=30,4/29/2009,4/29/2009,Rosa Muchovej,FL,Collier County,Naples,Sentinel Plot,"Cucumber, watermelon",,60,15,26.1474,-81.7955,Light Microscope; Before Incubation,no longer found
http://www.nc-climate.ncsu.edu/cucurbit/moderate/viewreport.php?id=32,4/30/2009,4/25/2009,Amanda Gevens,FL,Marion County,"Citra, FL",Sentinel Plot,Cucumber,,5,5,29.4118,-82.1099,Light Microscope; Before Incubation,no longer found
http://www.nc-climate.ncsu.edu/cucurbit/moderate/viewreport.php?id=33,5/12/2009,5/7/2009,Amanda Gevens,FL,Marion County,"Citra, FL",Sentinel Plot,Cucumber,,20,20,29.4118,-82.1099,Light Microscope; Before Incubation,no longer found
http://www.nc-climate.ncsu.edu/cucurbit/moderate/viewreport.php?id=34,5/27/2009,5/13/2009,W. Britton for G. Vallad,FL,Hillsborough County,Balm,Sentinel Plot,"Butternut squash, Cantaloupe, Cucumber",,0,35,27.7615,-82.2244,Visual; After Incubation,no longer found
http://www.nc-climate.ncsu.edu/cucurbit/moderate/viewreport.php?id=35,5/27/2009,5/21/2009,Amanda Gevens,FL,Marion County,Citra,Sentinel Plot,Cantaloupe,,10,10,29.4118,-82.1099,Light Microscope; Before Incubation,no longer found
http://www.nc-climate.ncsu.edu/cucurbit/moderate/viewreport.php?id=39,6/3/2009,5/23/2009,Amanda Gevens,FL,Marion County,Citra,Sentinel Plot,Butternut squash,,20,60,29.4118,-82.1099,Light Microscope; Before Incubation,no longer found
http://www.nc-climate.ncsu.edu/cucurbit/moderate/viewreport.php?id=38,6/3/2009,5/25/2009,Amanda Gevens,FL,Suwannee County,Live Oak,Research Plot,Butternut squash,,20,30,30.2962,-82.9844,Light Microscope; Before Incubation,no longer found
http://www.nc-climate.ncsu.edu/cucurbit/moderate/viewreport.php?id=40,6/5/2009,5/15/2009,W. Britton for J. Kaesberg,FL,Orange County,Apopka,Sentinel Plot,"Acorn squash, Yellow/Summer squash, Butternut squash, Cantaloupe, Cucumber, Giant pumpkin",,0,30,28.6444,-81.5457,Visual; No Incubation,no longer found
http://www.nc-climate.ncsu.edu/cucurbit/moderate/viewreport.php?id=46,6/12/2009,6/11/2009,W. Britton for Stephen Olson,FL,Gadsden County,Quincy,Sentinel Plot,"Butternut squash, Cucumber",,5,1,30.5465,-84.5955,Visual; After Incubation,no longer found
http://www.nc-climate.ncsu.edu/cucurbit/moderate/viewreport.php?id=58,6/22/2009,6/15/2009,W. Britton for Steve Olson,FL,Gadsden County,Quincy,Sentinel Plot,"Acorn squash, Yellow/Summer squash, Cantaloupe, Cucumber, Watermelon",,10,15,30.5465,-84.5955,Visual; After Incubation,no longer found
http://www.nc-climate.ncsu.edu/cucurbit/moderate/viewreport.php?id=449,10/16/2009,10/12/2009,Leon Lucas,FL,Hendry County,Clewiston,Commercial Field,Cucumber,,2,1,26.7542,-80.9337,Hand lens - field identification,yes
http://www.nc-climate.ncsu.edu/cucurbit/moderate/viewreport.php?id=452,10/22/2009,10/1/2009,Rod Sytsma,FL,Collier County,Immokalee,Research Plot,Cucumber,,0,0,26.4187,-81.4173,Visual; After Incubation,yes
http://www.nc-climate.ncsu.edu/cucurbit/moderate/viewreport.php?id=451,10/22/2009,10/6/2009,Shouan Zhang,FL,Miami-Dade County,Homestead,Commercial Field,,Chinese gourd,15,10,25.4687,-80.4776,Light Microscope; After Incubation,yes
http://www.nc-climate.ncsu.edu/cucurbit/moderate/viewreport.php?id=36,5/29/2009,5/27/2009,David Langston,GA,Echols County,"Lake Park, GA",Commercial Field,Cucumber,,0.5,2,30.6859,-83.1869,Light Microscope; After Incubation,yes
http://www.nc-climate.ncsu.edu/cucurbit/moderate/viewreport.php?id=48,6/12/2009,6/10/2009,David Langston,GA,Tift County,Tifton,Sentinel Plot,Cucumber,,100,20,31.4654,-83.5063,Light Microscope; Before Incubation,no longer found
http://www.nc-climate.ncsu.edu/cucurbit/moderate/viewreport.php?id=51,6/15/2009,6/13/2009,David Langston,GA,Tift County,Tifton,Sentinel Plot,Cucumber,,50,10,31.4654,-83.5063,Light Microscope; Before Incubation,no longer found
http://www.nc-climate.ncsu.edu/cucurbit/moderate/viewreport.php?id=63,6/24/2009,6/22/2009,David Langston,GA,Tift County,Tifton,Sentinel Plot,Giant pumpkin,,0.5,0.5,31.4654,-83.5063,Light Microscope; Before Incubation,no longer found
http://www.nc-climate.ncsu.edu/cucurbit/moderate/viewreport.php?id=129,7/2/2009,6/30/2009,David Langston,GA,Toombs County,Reidsville,Sentinel Plot,Cucumber,,60,40,32.0868,-82.118,Visual; No Incubation,no longer found
http://www.nc-climate.ncsu.edu/cucurbit/moderate/viewreport.php?id=169,7/17/2009,7/14/2009,David Langston,GA,Spalding County,Griffin,Sentinel Plot,Butternut squash,,20,10,33.2428,-84.2749,Light Microscope; Before Incubation,yes
http://www.nc-climate.ncsu.edu/cucurbit/moderate/viewreport.php?id=176,7/18/2009,7/10/2009,David Langston,GA,Tift County,Ty Ty,Research Plot,Cucumber,,100,50,31.4716,-83.6496,Visual; No Incubation,yes
http://www.nc-climate.ncsu.edu/cucurbit/moderate/viewreport.php?id=175,7/18/2009,7/15/2009,David Langston,GA,Tift County,Tifton,Sentinel Plot,"Cantaloupe, Watermelon",,20,10,31.4654,-83.5063,Visual; No Incubation,no longer found
http://www.nc-climate.ncsu.edu/cucurbit/moderate/viewreport.php?id=264,8/6/2009,7/27/2009,David Langston,GA,Union County,Blairsville,Sentinel Plot,Cucumber,,90,90,34.8728,-83.9564,Visual; No Incubation,yes
http://www.nc-climate.ncsu.edu/cucurbit/moderate/viewreport.php?id=186,7/21/2009,6/26/2009,W. Britton,IL,champaign County,Champaign,Sentinel Plot,"Acorn squash, Yellow/Summer squash, Butternut squash, Cantaloupe, Cucumber, Giant pumpkin, Watermelon",,0,0,40.1128,-88.2711,Visual; After Incubation,no
http://www.nc-climate.ncsu.edu/cucurbit/moderate/viewreport.php?id=191,7/23/2009,7/18/2009,W. Britton for M. Babadoost,Il,Hancock County,Hamilton,Home Garden,Cucumber,,100,10,40.3902,-91.3597,Light Microscope; Before Incubation,no longer found
http://www.nc-climate.ncsu.edu/cucurbit/moderate/viewreport.php?id=215,7/28/2009,7/26/2009,W. Britton for M. Babadoost,Il,Hancock County,Hamilton,Home Garden,Cantaloupe,,100,5,40.3902,-91.3597,Visual; After Incubation,no longer found
http://www.nc-climate.ncsu.edu/cucurbit/moderate/viewreport.php?id=411,9/17/2009,8/25/2009,W. Britton for M. Babadoost,IL,Tazewell County,Green Valley,Sentinel Plot,Cucumber,,100,80,40.4072,-89.6432,Hand lens - field identification,no longer found
http://www.nc-climate.ncsu.edu/cucurbit/moderate/viewreport.php?id=414,9/17/2009,9/1/2009,W. Britton for M. Babadoost,IL,Kankakee County,Bradley,Commercial Field,Cucumber,,100,90,41.148,-87.8579,Hand lens - field identification,no longer found
http://www.nc-climate.ncsu.edu/cucurbit/moderate/viewreport.php?id=413,9/17/2009,9/1/2009,W. Britton for M. Babadoost,IL,Moultrie County,Arthur,Commercial Field,Cucumber,,100,80,39.7101,-88.4648,Hand lens - field identification,no longer found
http://www.nc-climate.ncsu.edu/cucurbit/moderate/viewreport.php?id=412,9/17/2009,9/5/2009,W. Britton for M. Babadoost,IL,Kane County,St. Charles,Sentinel Plot,Cucumber,,100,40,41.9169,-88.3175,Hand lens - field identification,no longer found
http://www.nc-climate.ncsu.edu/cucurbit/moderate/viewreport.php?id=279,8/10/2009,8/7/2009,dan egel,IN,knox County,vincennes,Research Plot,Cucumber,,0.1,0.1,38.6777,-87.5091,Visual; No Incubation,no longer found
http://www.nc-climate.ncsu.edu/cucurbit/moderate/viewreport.php?id=321,8/18/2009,8/7/2009,dan Egel,IN,knox County,vincennes,Sentinel Plot,"Cantaloupe, Cucumber",,0.1,0.1,38.6777,-87.5091,Dissecting Microscope; After Incubation,no longer found
http://www.nc-climate.ncsu.edu/cucurbit/moderate/viewreport.php?id=322,8/18/2009,8/10/2009,dan Egel,IN,LaPorte Co. County,Wanatah,Sentinel Plot,Cucumber,,0.1,0.1,41.4341,-86.8912,Dissecting Microscope; After Incubation,no longer found
http://www.nc-climate.ncsu.edu/cucurbit/moderate/viewreport.php?id=320,8/18/2009,8/18/2009,Dennis Dixon,IN,LaPorte County,Wanatah,Commercial Field,Cucumber,,50,20,41.4341,-86.8912,Visual; After Incubation,no longer found
http://www.nc-climate.ncsu.edu/cucurbit/moderate/viewreport.php?id=386,9/3/2009,8/26/2009,dan Egel,IN,hancock co. County,"fortville, in",Sentinel Plot,Cucumber,,0.1,0.1,39.9373,-85.8515,Visual; After Incubation,no longer found
http://www.nc-climate.ncsu.edu/cucurbit/moderate/viewreport.php?id=327,8/19/2009,7/14/2009,W. Britton for K. Seebold,KY,McLean County,Calhoun,Sentinel Plot,Cucumber,,20,60,37.5411,-87.2585,Light Microscope; Before Incubation,no longer found
http://www.nc-climate.ncsu.edu/cucurbit/moderate/viewreport.php?id=335,8/19/2009,8/4/2009,Kenny Seebold,KY,Henderson County,Henderson,Home Garden,Cucumber,,100,0,37.8421,-87.5832,Light Microscope; Before Incubation,no longer found
http://www.nc-climate.ncsu.edu/cucurbit/moderate/viewreport.php?id=345,8/21/2009,8/16/2009,Kenny Seebold,KY,Breathitt County,Quicksand,Sentinel Plot,"Cucumber, Butternut squash",,10,30,37.5258,-83.344,Light Microscope; Before Incubation,no longer found
http://www.nc-climate.ncsu.edu/cucurbit/moderate/viewreport.php?id=357,8/24/2009,8/21/2009,Kenny Seebold,KY,Fayette County,Lexington,Sentinel Plot,Cucumber,,10,20,37.9099,-84.3593,Light Microscope; Before Incubation,no longer found
http://www.nc-climate.ncsu.edu/cucurbit/moderate/viewreport.php?id=363,8/27/2009,8/15/2009,Kenny Seebold,KY,Boyle County,Danville,Commercial Field,,Pumpkin,90,60,37.6413,-84.7744,Light Microscope; Before Incubation,no longer found
http://www.nc-climate.ncsu.edu/cucurbit/moderate/viewreport.php?id=372,8/31/2009,8/21/2009,Kenny Seebold,KY,McLean County,Calhoun,Sentinel Plot,"Cantaloupe, Cucumber",,10,20,37.5411,-87.2585,Light Microscope; Before Incubation,no longer found
http://www.nc-climate.ncsu.edu/cucurbit/moderate/viewreport.php?id=373,8/31/2009,8/24/2009,Kenny Seebold,KY,Breathitt County,Quicksand,Sentinel Plot,"Cantaloupe, Cucumber",,0,0,37.5258,-83.344,Light Microscope; Before Incubation,no longer found
http://www.nc-climate.ncsu.edu/cucurbit/moderate/viewreport.php?id=420,9/18/2009,9/3/2009,Kenny Seebold,KY,Fayette County,Lexington,Sentinel Plot,Cucumber,,30,35,37.9099,-84.3593,Light Microscope; Before Incubation,no longer found
http://www.nc-climate.ncsu.edu/cucurbit/moderate/viewreport.php?id=421,9/18/2009,9/3/2009,Kenny Seebold,KY,Fayette County,Lexington,Sentinel Plot,Cantaloupe,,20,30,37.9099,-84.3593,Light Microscope; Before Incubation,no longer found
http://www.nc-climate.ncsu.edu/cucurbit/moderate/viewreport.php?id=422,9/18/2009,9/10/2009,Kenny Seebold,KY,Fayette County,,Sentinel Plot,"Acorn squash, Yellow/Summer squash",,75,55,38.0606,-84.4803,Light Microscope; Before Incubation,no longer found
http://www.nc-climate.ncsu.edu/cucurbit/moderate/viewreport.php?id=423,9/18/2009,9/10/2009,Kenny Seebold,KY,Fayette County,Lexington,Sentinel Plot,Butternut squash,,50,35,37.9099,-84.3593,Light Microscope; Before Incubation,no longer found
http://www.nc-climate.ncsu.edu/cucurbit/moderate/viewreport.php?id=424,9/18/2009,9/12/2009,Kenny Seebold,KY,Fayette County,Lexington,Sentinel Plot,"Giant pumpkin, Watermelon",,40,20,37.9099,-84.3593,Light Microscope; Before Incubation,no longer found
http://www.nc-climate.ncsu.edu/cucurbit/moderate/viewreport.php?id=426,9/21/2009,9/11/2009,Kenny Seebold,KY,Breathitt County,Quicksand,Sentinel Plot,Watermelon,,60,35,37.5258,-83.344,Light Microscope; Before Incubation,no longer found
http://www.nc-climate.ncsu.edu/cucurbit/moderate/viewreport.php?id=427,9/21/2009,9/11/2009,Kenny Seebold,KY,Breathitt County,Quicksand,Sentinel Plot,"Acorn squash, Yellow/Summer squash",,50,30,37.5258,-83.344,Light Microscope; Before Incubation,no longer found
http://www.nc-climate.ncsu.edu/cucurbit/moderate/viewreport.php?id=44,6/10/2009,6/2/2009,Stuart Gauthier,LA,Vermilion County,Abbeville,Home Garden,Cantaloupe,,40,15,29.9726,-92.1267,Light Microscope; Before Incubation,no longer found
http://www.nc-climate.ncsu.edu/cucurbit/moderate/viewreport.php?id=57,6/22/2009,6/10/2009,Vincent Deshotel,LA,Acadia County,Church point,Commercial Field,Cantaloupe,,100,0,30.4029,-92.2148,Light Microscope; Before Incubation,no longer found
http://www.nc-climate.ncsu.edu/cucurbit/moderate/viewreport.php?id=99,6/30/2009,6/30/2009,W. Britton,LA,Bossier Parish County,Bossier City,Sentinel Plot,"Acorn squash, Yellow/Summer squash, Butternut squash, Cantaloupe, Cucumber, Giant pumpkin, Watermelon",,0,0,32.4211,-93.6442,Visual; After Incubation,no
http://www.nc-climate.ncsu.edu/cucurbit/moderate/viewreport.php?id=96,6/30/2009,6/30/2009,W. Britton,LA,Vernon Parish County,Rosepine,Sentinel Plot,"Acorn squash, Yellow/Summer squash, Butternut squash, Cantaloupe, Cucumber, Giant pumpkin, Watermelon",,0,0,30.9617,-93.2208,Visual; After Incubation,no
http://www.nc-climate.ncsu.edu/cucurbit/moderate/viewreport.php?id=374,9/1/2009,8/24/2009,Don Ferrin,LA,West Feliciana County,St. Francisville,Commercial Field,,pumpkin,0,5,30.785,-91.38,Light Microscope; Before Incubation,yes
http://www.nc-climate.ncsu.edu/cucurbit/moderate/viewreport.php?id=385,9/2/2009,8/31/2009,Raghuwinder Singh,LA,East Baton Rouge County,Baton Rouge,Home Garden,,Pumpkin (Small Sugar),100,0,30.4679,-91.1296,Visual; After Incubation,yes
http://www.nc-climate.ncsu.edu/cucurbit/moderate/viewreport.php?id=438,9/28/2009,9/21/2009,Don Ferrin,LA,East Baton Rouge County,Baton Rouge,Sentinel Plot,Butternut squash,,100,15,30.4679,-91.1296,Light Microscope; Before Incubation,yes
http://www.nc-climate.ncsu.edu/cucurbit/moderate/viewreport.php?id=442,10/1/2009,9/28/2009,Don Ferrin,LA,East Baton Rouge County,Baton Rouge,Sentinel Plot,Cucumber,,15,0,30.4679,-91.1296,Dissecting Microscope; No Incubation,yes
http://www.nc-climate.ncsu.edu/cucurbit/moderate/viewreport.php?id=276,8/10/2009,8/10/2009,M Bess Dicklow,MA,Hampshire County,Hatfield,Commercial Field,Cucumber,,75,50,42.3666,-72.6054,Light Microscope; Before Incubation,no longer found
http://www.nc-climate.ncsu.edu/cucurbit/moderate/viewreport.php?id=323,8/18/2009,8/17/2009,Robert Wick,MA,Franklin County,S. Deerfield,Sentinel Plot,"Cantaloupe, Cucumber",,1,25,42.4782,-72.5977,Light Microscope; Before Incubation,no longer found
http://www.nc-climate.ncsu.edu/cucurbit/moderate/viewreport.php?id=370,8/31/2009,8/22/2009,Robert Wick,MA,Hampshire County,Hadley,Commercial Field,Butternut squash,,15,15,42.3423,-72.5891,Dissecting Microscope; No Incubation,no longer found
http://www.nc-climate.ncsu.edu/cucurbit/moderate/viewreport.php?id=387,9/3/2009,8/31/2009,Robert Wick,MA,Franklin County,S. Deerfield,Sentinel Plot,Butternut squash,,50,20,42.4782,-72.5977,Light Microscope; Before Incubation,no longer found
http://www.nc-climate.ncsu.edu/cucurbit/moderate/viewreport.php?id=445,10/12/2009,9/28/2009,W. Britton for R. Wick,MA,Franklin County,S. Deerfield,Sentinel Plot,Giant pumpkin,,75,10,42.4773,-72.6079,Dissecting Microscope; No Incubation,no longer found
http://www.nc-climate.ncsu.edu/cucurbit/moderate/viewreport.php?id=138,7/6/2009,6/30/2009,Kathryne Everts,Md,Caroline County,Federalsburg,Commercial Field,Cucumber,,100,10,38.692,-75.773,Visual; After Incubation,no longer found
http://www.nc-climate.ncsu.edu/cucurbit/moderate/viewreport.php?id=147,7/9/2009,6/30/2009,W. Britton for K. Everts,MD,Dorchester County,,Commercial Field,Cucumber,,100,10,38.4153,-76.1784,Light Microscope; Before Incubation,no longer found
http://www.nc-climate.ncsu.edu/cucurbit/moderate/viewreport.php?id=151,7/13/2009,7/4/2009,Thomas Healy,MD,Talbot County,Cordova,Commercial Field,Cucumber,,15,5,38.8754,-75.9958,Visual; After Incubation,no longer found
http://www.nc-climate.ncsu.edu/cucurbit/moderate/viewreport.php?id=161,7/14/2009,7/10/2009,Kate Everts,MD,Prince Georges County,Upper Marlboro,Research Plot,"Acorn squash, Yellow/Summer squash",,100,25,38.8163,-76.7518,Visual; No Incubation,no longer found
http://www.nc-climate.ncsu.edu/cucurbit/moderate/viewreport.php?id=167,7/14/2009,7/14/2009,Kate Everts,MD,Wicomico County,Salisbury,Sentinel Plot,"Cantaloupe, Cucumber",,0.5,0.01,38.3715,-75.5867,Dissecting Microscope; No Incubation,no longer found
http://www.nc-climate.ncsu.edu/cucurbit/moderate/viewreport.php?id=170,7/17/2009,7/16/2009,Kate Everts,MD,Prince Georges County,Upper Marlboro,Sentinel Plot,Cucumber,,25,0.01,38.8163,-76.7518,Dissecting Microscope; No Incubation,no longer found
http://www.nc-climate.ncsu.edu/cucurbit/moderate/viewreport.php?id=233,7/31/2009,7/24/2009,Kate Everts,MD,Prince Georges County,Upper Marlboro,Sentinel Plot,"Acorn squash, Yellow/Summer squash, Butternut squash, Cantaloupe, Giant pumpkin",,100,3,38.8163,-76.7518,Dissecting Microscope; No Incubation,no longer found
http://www.nc-climate.ncsu.edu/cucurbit/moderate/viewreport.php?id=234,7/31/2009,7/24/2009,Kate Everts,MD,Wicomico County,Salisbury,Sentinel Plot,Cucumber,,100,0.1,38.3715,-75.5867,Dissecting Microscope; No Incubation,no longer found
http://www.nc-climate.ncsu.edu/cucurbit/moderate/viewreport.php?id=235,7/31/2009,7/30/2009,Kate Everts,MD,Wicomico County,Salisbury,Sentinel Plot,Butternut squash,,50,0.1,38.3715,-75.5867,Dissecting Microscope; No Incubation,no longer found
http://www.nc-climate.ncsu.edu/cucurbit/moderate/viewreport.php?id=299,8/13/2009,8/11/2009,Kate Everts,MD,Wicomico County,Salisbury,Sentinel Plot,Watermelon,,100,3,38.3715,-75.5867,Light Microscope; Before Incubation,no longer found
http://www.nc-climate.ncsu.edu/cucurbit/moderate/viewreport.php?id=164,7/14/2009,7/10/2009,Bryan Webster,MI,Tuscola County,Reese`,Commercial Field,Cucumber,,20,50,43.4524,-83.6909,Dissecting Microscope; No Incubation,no longer found
http://www.nc-climate.ncsu.edu/cucurbit/moderate/viewreport.php?id=162,7/14/2009,7/13/2009,Bryan Webster,MI,Monroe County,Monroe,Home Garden,Cucumber,zucchini (Cucurbita pepo),75,80,41.9161,-83.3979,Dissecting Microscope; No Incubation,no longer found
http://www.nc-climate.ncsu.edu/cucurbit/moderate/viewreport.php?id=163,7/14/2009,7/13/2009,Bryan Webster,MI,Saginaw County,Reese,Commercial Field,Cucumber,,20,50,43.4,-83.9,Dissecting Microscope; No Incubation,no longer found
http://www.nc-climate.ncsu.edu/cucurbit/moderate/viewreport.php?id=196,7/23/2009,7/22/2009,Bryan Webster,MI,Monroe County,Monroe,Home Garden,Cantaloupe,,80,5,41.9161,-83.3979,Dissecting Microscope; No Incubation,no longer found
http://www.nc-climate.ncsu.edu/cucurbit/moderate/viewreport.php?id=214,7/28/2009,7/27/2009,Bryan Webster,MI,Berrien County,Benton Harbor,Research Plot,Cucumber,,10,50,42.0852,-86.3588,Dissecting Microscope; No Incubation,no longer found
http://www.nc-climate.ncsu.edu/cucurbit/moderate/viewreport.php?id=220,7/28/2009,7/28/2009,Bryan Webster,MI,Ingham County,East Lansing,Sentinel Plot,Cucumber,,10,10,42.6973,-84.484,Dissecting Microscope; No Incubation,no longer found
http://www.nc-climate.ncsu.edu/cucurbit/moderate/viewreport.php?id=223,7/29/2009,7/28/2009,Bryan Webster,MI,Calhoun County,Springport,Home Garden,Cucumber,,0,5,42.3818,-84.7676,Dissecting Microscope; After Incubation,no longer found
http://www.nc-climate.ncsu.edu/cucurbit/moderate/viewreport.php?id=222,7/29/2009,7/28/2009,Bryan Webster,MI,St. Clair County,Capac,Commercial Field,Cucumber,,0,5,43.0125,-82.9278,Dissecting Microscope; No Incubation,no longer found
http://www.nc-climate.ncsu.edu/cucurbit/moderate/viewreport.php?id=229,7/29/2009,7/29/2009,Bryan Webster,MI,Allegan County,Dorr,Commercial Field,Cucumber,,0,20,42.6955,-85.8398,Dissecting Microscope; No Incubation,no longer found
http://www.nc-climate.ncsu.edu/cucurbit/moderate/viewreport.php?id=226,7/29/2009,7/29/2009,Bryan Webster,MI,Bay County,Auburn,Commercial Field,Cucumber,,20,3,43.6397,-84.0886,Dissecting Microscope; No Incubation,no longer found
http://www.nc-climate.ncsu.edu/cucurbit/moderate/viewreport.php?id=249,8/4/2009,8/3/2009,Bryan Webster,MI,Cass County,Decatur,Sentinel Plot,Cucumber,,0,2,42.0202,-86.1655,Visual; No Incubation,no longer found
http://www.nc-climate.ncsu.edu/cucurbit/moderate/viewreport.php?id=250,8/4/2009,8/3/2009,Bryan Webster,MI,Lenawee County,Deerfield,Sentinel Plot,Cucumber,,0,2,41.9274,-83.7949,Dissecting Microscope; No Incubation,no longer found
http://www.nc-climate.ncsu.edu/cucurbit/moderate/viewreport.php?id=258,8/5/2009,8/3/2009,Bryan Webster,MI,Cass County,Decatur,Commercial Field,Cucumber,,0,2,42.0202,-86.1655,Visual; No Incubation,no longer found
http://www.nc-climate.ncsu.edu/cucurbit/moderate/viewreport.php?id=277,8/10/2009,8/6/2009,Bryan Webster,MI,Lenawee County,Deerfield,Sentinel Plot,Cucumber,,1,2,41.9274,-83.7949,Dissecting Microscope; No Incubation,no longer found
http://www.nc-climate.ncsu.edu/cucurbit/moderate/viewreport.php?id=273,8/10/2009,8/7/2009,Bryan Webster,MI,Clinton County,Lansing,Home Garden,Cucumber,,0,5,42.7785,-84.5492,Visual; No Incubation,no longer found
http://www.nc-climate.ncsu.edu/cucurbit/moderate/viewreport.php?id=274,8/10/2009,8/7/2009,Bryan Webster,MI,Clinton County,Bath,Research Plot,Cucumber,,0,0,42.8281,-84.3692,Visual; No Incubation,no longer found
http://www.nc-climate.ncsu.edu/cucurbit/moderate/viewreport.php?id=278,8/10/2009,8/7/2009,Bryan Webster,MI,Ingham County,East Lansing,Sentinel Plot,Cucumber,,10,10,42.6973,-84.484,Dissecting Microscope; No Incubation,no longer found
http://www.nc-climate.ncsu.edu/cucurbit/moderate/viewreport.php?id=287,8/11/2009,8/10/2009,Bryan Webster,MI,Ionia County,Lake Odessa,Home Garden,Cucumber,,100,60,42.7847,-85.1497,Visual; No Incubation,no longer found
http://www.nc-climate.ncsu.edu/cucurbit/moderate/viewreport.php?id=292,8/11/2009,8/11/2009,Bryan Webster,MI,Cinton County,Bath,Sentinel Plot,Cucumber,,50,15,42.8276,-84.3863,Visual; No Incubation,no longer found
http://www.nc-climate.ncsu.edu/cucurbit/moderate/viewreport.php?id=293,8/11/2009,8/11/2009,Bryan Webster,MI,Cinton County,Bath,Sentinel Plot,Cucumber,,10,1,42.8276,-84.3863,Visual; No Incubation,no longer found
http://www.nc-climate.ncsu.edu/cucurbit/moderate/viewreport.php?id=285,8/11/2009,8/11/2009,Bryan Webster,MI,Eaton County,Charlotte,Home Garden,Cucumber,,100,20,42.5093,-84.778,Visual; No Incubation,no longer found
http://www.nc-climate.ncsu.edu/cucurbit/moderate/viewreport.php?id=286,8/11/2009,8/11/2009,Bryan Webster,MI,Jackson County,Springport,Home Garden,Cucumber,,100,20,42.3783,-84.7048,Visual; No Incubation,no longer found
http://www.nc-climate.ncsu.edu/cucurbit/moderate/viewreport.php?id=303,8/14/2009,8/14/2009,Bryan Webster,MI,Saginaw County,Freeland,Sentinel Plot,Cucumber,,0,5,43.4807,-84.0718,Visual; No Incubation,no longer found
http://www.nc-climate.ncsu.edu/cucurbit/moderate/viewreport.php?id=308,8/17/2009,8/14/2009,Bryan Webster,MI,Huron County,Owendale,Home Garden,Cucumber,,80,50,43.7325,-83.1394,Visual; No Incubation,no longer found
http://www.nc-climate.ncsu.edu/cucurbit/moderate/viewreport.php?id=309,8/17/2009,8/14/2009,Bryan Webster,MI,Tuscola County,Deford,Home Garden,Cucumber,,10,10,43.5151,-83.1301,Visual; No Incubation,no longer found
http://www.nc-climate.ncsu.edu/cucurbit/moderate/viewreport.php?id=311,8/17/2009,8/14/2009,Bryan Webster,MI,Tuscola County,Deford,Home Garden,Cantaloupe,,10,10,43.5151,-83.1301,Visual; No Incubation,no longer found
http://www.nc-climate.ncsu.edu/cucurbit/moderate/viewreport.php?id=316,8/17/2009,8/17/2009,Bryan Webster,MI,Lenawee County,Deerfield,Sentinel Plot,Cantaloupe,,2,2,41.9274,-83.7949,Dissecting Microscope; No Incubation,no longer found
http://www.nc-climate.ncsu.edu/cucurbit/moderate/viewreport.php?id=318,8/17/2009,8/17/2009,Bryan Webster,MI,Saginaw County,Freeland,Sentinel Plot,Cantaloupe,,2,2,43.4807,-84.0718,Dissecting Microscope; No Incubation,no longer found
http://www.nc-climate.ncsu.edu/cucurbit/moderate/viewreport.php?id=334,8/19/2009,8/14/2009,Bryan Webster,MI,Montcalm County,Stanton,Commercial Field,Cucumber,,5,10,43.3359,-85.064,Dissecting Microscope; No Incubation,no longer found
http://www.nc-climate.ncsu.edu/cucurbit/moderate/viewreport.php?id=326,8/19/2009,8/18/2009,Bryan Webster,MI,Newaygo County,Bridgeton,Commercial Field,Cucumber,,20,20,43.3899,-85.9025,Dissecting Microscope; No Incubation,no longer found
http://www.nc-climate.ncsu.edu/cucurbit/moderate/viewreport.php?id=325,8/19/2009,8/18/2009,Bryan Webster,MI,Oceana County,Mears,Commercial Field,Cucumber,,20,5,43.682,-86.4202,Dissecting Microscope; No Incubation,no longer found
http://www.nc-climate.ncsu.edu/cucurbit/moderate/viewreport.php?id=349,8/24/2009,8/21/2009,Bryan Webster,MI,Ingham County,East Lansing,Sentinel Plot,Cantaloupe,,50,20,42.6899,-84.4843,Dissecting Microscope; No Incubation,no longer found
http://www.nc-climate.ncsu.edu/cucurbit/moderate/viewreport.php?id=355,8/24/2009,8/21/2009,Bryan Webster,MI,Manistee County,Bear Lake,Commercial Field,Cucumber,,30,30,44.3881,-86.1408,Dissecting Microscope; No Incubation,no longer found
http://www.nc-climate.ncsu.edu/cucurbit/moderate/viewreport.php?id=350,8/24/2009,8/21/2009,Bryan Webster,MI,Muskegon County,Ravenna,Commercial Field,Cucumber,,30,30,43.1865,-85.9357,Dissecting Microscope; No Incubation,no longer found
http://www.nc-climate.ncsu.edu/cucurbit/moderate/viewreport.php?id=406,9/11/2009,9/4/2009,Simeon Wright,MO,greene County,,Commercial Field,Cucumber,,0,0,37.3311,-93.5003,Light Microscope; Before Incubation,no longer found
http://www.nc-climate.ncsu.edu/cucurbit/moderate/viewreport.php?id=45,6/11/2009,6/11/2009,Gerald Holmes,MS,Washington County,Leland,Research Plot,Cucumber,,0,0,33.4052,-90.8978,Hand lens - field identification,no
http://www.nc-climate.ncsu.edu/cucurbit/moderate/viewreport.php?id=93,6/30/2009,6/30/2009,W. Britton,MS,Copiah County,Crystal Springs,Sentinel Plot,"Acorn squash, Yellow/Summer squash, Butternut squash, Cantaloupe, Cucumber, Giant pumpkin, Watermelon",,0,0,31.9453,-90.3745,Visual; After Incubation,no
http://www.nc-climate.ncsu.edu/cucurbit/moderate/viewreport.php?id=92,6/30/2009,6/30/2009,W. Britton,MS,Lee County,Pontotoc,Sentinel Plot,"Acorn squash, Yellow/Summer squash, Butternut squash, Cantaloupe, Cucumber, Giant pumpkin, Watermelon",,0,0,34.8107,-89.0902,Visual; After Incubation,no
http://www.nc-climate.ncsu.edu/cucurbit/moderate/viewreport.php?id=94,6/30/2009,6/30/2009,W. Britton,MS,Perry County,Beaumont,Sentinel Plot,"Acorn squash, Yellow/Summer squash, Butternut squash, Cantaloupe, Cucumber, Giant pumpkin, Watermelon",,0,0,31.2357,-88.9203,Visual; After Incubation,no
http://www.nc-climate.ncsu.edu/cucurbit/moderate/viewreport.php?id=95,6/30/2009,6/30/2009,w. britton,MS,Smith County,Mize,Sentinel Plot,"Acorn squash, Yellow/Summer squash, Butternut squash, Cantaloupe, Cucumber, Giant pumpkin",,0,0,31.8205,-89.5899,Visual; After Incubation,no
http://www.nc-climate.ncsu.edu/cucurbit/moderate/viewreport.php?id=396,9/8/2009,9/2/2009,David Ingram,MS,Rankin County,Pelahatchie,Commercial Field,Giant pumpkin,,10,20,32.3138,-89.7952,Dissecting Microscope; No Incubation,yes
http://www.nc-climate.ncsu.edu/cucurbit/moderate/viewreport.php?id=441,9/29/2009,9/24/2009,David Ingram,MS,Copiah County,Crystal Springs,Research Plot,Giant pumpkin,,50,20,31.9884,-90.355,Hand lens - field identification,yes
http://www.nc-climate.ncsu.edu/cucurbit/moderate/viewreport.php?id=41,6/5/2009,6/4/2009,Mike Wilder,NC,Franklin County,"Louisburg, NC",Commercial Field,Cucumber,,15,100,36.0986,-78.3012,Hand lens - field identification,no longer found
http://www.nc-climate.ncsu.edu/cucurbit/moderate/viewreport.php?id=47,6/12/2009,6/2/2009,W. Britton for M. Shaw,NC,Columbus County,Clarendon,Commercial Field,Cucumber,,75,50,34.2101,-78.8452,Dissecting Microscope; No Incubation,no longer found
http://www.nc-climate.ncsu.edu/cucurbit/moderate/viewreport.php?id=52,6/17/2009,6/15/2009,Curtis Cates,NC,Robeson County,Rowland,Commercial Field,Cucumber,,40,25,34.5366,-79.2913,Hand lens - field identification,no longer found
http://www.nc-climate.ncsu.edu/cucurbit/moderate/viewreport.php?id=56,6/19/2009,6/10/2009,W. Britton for M. Adams,NC,Sampson County,Clinton,Research Plot,Cucumber,,0,12,35.0243,-78.2755,Visual; No Incubation,yes
http://www.nc-climate.ncsu.edu/cucurbit/moderate/viewreport.php?id=54,6/19/2009,6/17/2009,W. Britton for M. Adams,NC,Lenoir County,Kinston,Research Plot,Cucumber,,1,0.5,35.3037,-77.5754,Dissecting Microscope; No Incubation,no longer found
http://www.nc-climate.ncsu.edu/cucurbit/moderate/viewreport.php?id=59,6/22/2009,6/19/2009,PHIL DENLINGER,NC,Johnston County,Four Oaks,Commercial Field,Cucumber,,15,10,35.4459,-78.4243,Visual; No Incubation,no longer found
http://www.nc-climate.ncsu.edu/cucurbit/moderate/viewreport.php?id=60,6/23/2009,6/9/2009,W. Britton for Bob Quinn,NC,Wayne County,Mt. Olive,Commercial Field,Cucumber,,100,35,35.1989,-78.1161,Hand lens - field identification,no longer found
http://www.nc-climate.ncsu.edu/cucurbit/moderate/viewreport.php?id=65,6/25/2009,6/11/2009,W. Britton,NC,Columbus County,Clarendon,Commercial Field,Cucumber,,100,50,34.2101,-78.8452,Light Microscope; Before Incubation,no longer found
http://www.nc-climate.ncsu.edu/cucurbit/moderate/viewreport.php?id=64,6/25/2009,6/18/2009,W. Britton for B. Quinn,NC,Duplin County,Faison,Commercial Field,Cucumber,,95,10,35.1164,-78.1358,Hand lens - field identification,no longer found
http://www.nc-climate.ncsu.edu/cucurbit/moderate/viewreport.php?id=69,6/26/2009,6/22/2009,W. Britton for M. Adams,NC,New Hanover County,Castle Hayne,Sentinel Plot,Cucumber,,20,10,34.3556,-77.8998,Light Microscope; Before Incubation,no longer found
http://www.nc-climate.ncsu.edu/cucurbit/moderate/viewreport.php?id=68,6/26/2009,6/22/2009,W. Britton for M. Adams,NC,Sampson County,Clinton,Sentinel Plot,Cucumber,,20,10,34.9979,-78.3308,Light Microscope; Before Incubation,yes
http://www.nc-climate.ncsu.edu/cucurbit/moderate/viewreport.php?id=67,6/26/2009,6/24/2009,Wbritton for M. Adams,NC,Lenoir County,Kinston,Sentinel Plot,Cucumber,,1,1,35.2763,-77.5923,Light Microscope; Before Incubation,no longer found
http://www.nc-climate.ncsu.edu/cucurbit/moderate/viewreport.php?id=71,6/27/2009,6/22/2009,PHIL DENLINGER,NC,HERTFORD County,Winton,Commercial Field,Cucumber,,2,2,36.3898,-76.9368,Visual; No Incubation,no longer found
http://www.nc-climate.ncsu.edu/cucurbit/moderate/viewreport.php?id=70,6/27/2009,6/27/2009,PHIL DENLINGER,NC,bertie County,Windsor,Commercial Field,Cucumber,,2,5,35.9939,-76.9428,Visual; After Incubation,no longer found
http://www.nc-climate.ncsu.edu/cucurbit/moderate/viewreport.php?id=120,7/1/2009,6/23/2009,Shannon Fogl,nc,Harnett County,Fuquay Varina/Angier,Home Garden,"Cantaloupe, Cucumber",,100,60,35.5196,-78.7696,Visual; No Incubation,no longer found
http://www.nc-climate.ncsu.edu/cucurbit/moderate/viewreport.php?id=125,7/1/2009,6/27/2009,Mike Adams,NC,Lenoir County,Kinston,Sentinel Plot,"Butternut squash, Cantaloupe, Cucumber",,20,10,35.2763,-77.5923,Hand lens - field identification,no longer found
http://www.nc-climate.ncsu.edu/cucurbit/moderate/viewreport.php?id=122,7/1/2009,6/28/2009,Mike Adams,NC,New Hanover County,Castle Hayne,Sentinel Plot,"Butternut squash, Cucumber",,5,5,34.3556,-77.8998,Hand lens - field identification,no longer found
http://www.nc-climate.ncsu.edu/cucurbit/moderate/viewreport.php?id=124,7/1/2009,6/28/2009,Mike Adams,NC,Sampson County,Clinton,Sentinel Plot,Cantaloupe,,1,1,34.9979,-78.3308,Light Microscope; Before Incubation,yes
http://www.nc-climate.ncsu.edu/cucurbit/moderate/viewreport.php?id=121,7/1/2009,7/1/2009,Katie Neufeld,NC,NC County,Four Oaks,Home Garden,"Cantaloupe, Cucumber",,10,10,35.4459,-78.4243,Visual; No Incubation,no longer found
http://www.nc-climate.ncsu.edu/cucurbit/moderate/viewreport.php?id=146,7/8/2009,6/30/2009,Danny Lauderdale,NC,Pitt County,Greenville,Research Plot,Cucumber,,100,25,35.606,-77.3743,Light Microscope; Before Incubation,no longer found
http://www.nc-climate.ncsu.edu/cucurbit/moderate/viewreport.php?id=145,7/8/2009,7/7/2009,W. Britton,NC,Johnston County,Clayton,Sentinel Plot,Cucumber,,1,0.5,35.6735,-78.5054,Light Microscope; Before Incubation,no longer found
http://www.nc-climate.ncsu.edu/cucurbit/moderate/viewreport.php?id=148,7/10/2009,7/5/2009,Mike Adams,NC,Lenoir County,Kinston,Sentinel Plot,Giant pumpkin,,5,1,35.2763,-77.5923,Light Microscope; After Incubation,no longer found
http://www.nc-climate.ncsu.edu/cucurbit/moderate/viewreport.php?id=159,7/14/2009,7/10/2009,W. Britton for M. Adams,NC,Johnston County,Clayton,Sentinel Plot,Cucumber,,5,1,35.6456,-78.4626,Dissecting Microscope; After Incubation,no longer found
http://www.nc-climate.ncsu.edu/cucurbit/moderate/viewreport.php?id=166,7/14/2009,7/13/2009,Mike Adams,NC,Rowan County,"Salisbury, NC",Sentinel Plot,Cucumber,,5,5,35.5629,-80.5279,Hand lens - field identification,no longer found
http://www.nc-climate.ncsu.edu/cucurbit/moderate/viewreport.php?id=171,7/17/2009,7/10/2009,Mike,NC,New Hanover County,Castle Hayne,Sentinel Plot,Giant pumpkin,,75,20,34.3556,-77.8998,Hand lens - field identification,no
http://www.nc-climate.ncsu.edu/cucurbit/moderate/viewreport.php?id=172,7/17/2009,7/12/2009,Mike Adams,NC,Sampson County,Clinton,Sentinel Plot,Giant pumpkin,,25,10,34.9979,-78.3308,Hand lens - field identification,yes
http://www.nc-climate.ncsu.edu/cucurbit/moderate/viewreport.php?id=173,7/17/2009,7/15/2009,Katie Neufeld,NC,Johnston County,Clayton,Sentinel Plot,Giant pumpkin,,1,1,35.6456,-78.4626,Light Microscope; After Incubation,no longer found
http://www.nc-climate.ncsu.edu/cucurbit/moderate/viewreport.php?id=181,7/20/2009,7/12/2009,Debbie Roos,NC,Chatham County,Pittsboro,Commercial Field,"Cantaloupe, Cucumber",,80,80,35.7202,-79.1732,Light Microscope; Before Incubation,no longer found
http://www.nc-climate.ncsu.edu/cucurbit/moderate/viewreport.php?id=182,7/20/2009,7/18/2009,Mike Adams,NC,Henderson County,Mills River,Sentinel Plot,"Butternut squash, Cucumber",,5,1,35.3881,-82.5668,Hand lens - field identification,no longer found
http://www.nc-climate.ncsu.edu/cucurbit/moderate/viewreport.php?id=183,7/21/2009,7/1/2009,W. Britton for Mark Danieley,NC,Alamance County,Snow Camp,Commercial Field,"Cantaloupe, Cucumber",,95,95,35.8937,-79.4297,Light Microscope; After Incubation,no longer found
http://www.nc-climate.ncsu.edu/cucurbit/moderate/viewreport.php?id=189,7/22/2009,7/22/2009,Wendy Britton,NC,Johnston County,Clayton,Sentinel Plot,Cantaloupe,,1,0.5,35.6456,-78.4626,Light Microscope; Before Incubation,no longer found
http://www.nc-climate.ncsu.edu/cucurbit/moderate/viewreport.php?id=195,7/23/2009,7/17/2009,Mike Adams,NC,New Hanover County,Castle Hayne,Sentinel Plot,"Acorn squash, Yellow/Summer squash",,75,10,34.3556,-77.8998,Hand lens - field identification,no longer found
http://www.nc-climate.ncsu.edu/cucurbit/moderate/viewreport.php?id=194,7/23/2009,7/18/2009,Mike Adams,NC,Lenoir County,Kinston,Sentinel Plot,"Acorn squash, Yellow/Summer squash",,75,5,35.2763,-77.5923,Hand lens - field identification,no longer found
http://www.nc-climate.ncsu.edu/cucurbit/moderate/viewreport.php?id=199,7/24/2009,7/17/2009,Susan Colucci,NC,Henderson County,Zirconia/Hendersonville,Commercial Field,"Acorn squash, Yellow/Summer squash, Cucumber",,30,25,35.2379,-82.4157,Hand lens - field identification,no longer found
http://www.nc-climate.ncsu.edu/cucurbit/moderate/viewreport.php?id=198,7/24/2009,7/18/2009,Mike Adams,NC,New Hanover County,Castle Hayne,Sentinel Plot,Watermelon,,50,10,34.3556,-77.8998,Light Microscope; After Incubation,no longer found
http://www.nc-climate.ncsu.edu/cucurbit/moderate/viewreport.php?id=197,7/24/2009,7/20/2009,Mike Adams,NC,Sampson County,Clinton,Sentinel Plot,"Acorn squash, Yellow/Summer squash",,25,1,34.9979,-78.3308,Hand lens - field identification,yes
http://www.nc-climate.ncsu.edu/cucurbit/moderate/viewreport.php?id=213,7/28/2009,7/22/2009,Mike Adams,NC,Henderson County,Mills River,Sentinel Plot,"Acorn squash, Yellow/Summer squash, Cantaloupe, Giant pumpkin",,50,5,35.3881,-82.5668,Hand lens - field identification,no longer found
http://www.nc-climate.ncsu.edu/cucurbit/moderate/viewreport.php?id=221,7/29/2009,7/26/2009,Mike Adams,NC,Haywood County,Waynesville,Sentinel Plot,Butternut squash,,1,1,35.4839,-83.0014,Hand lens - field identification,no longer found
http://www.nc-climate.ncsu.edu/cucurbit/moderate/viewreport.php?id=244,7/31/2009,7/25/2009,Mike Adams,NC,Sampson County,Clinton,Sentinel Plot,Watermelon,,50,5,34.9979,-78.3308,Light Microscope; After Incubation,yes
http://www.nc-climate.ncsu.edu/cucurbit/moderate/viewreport.php?id=240,7/31/2009,7/31/2009,Katie Neufeld,NC,Johnston County,"Clayton, NC",Sentinel Plot,Butternut squash,,20,5,35.6456,-78.4626,Visual; No Incubation,no longer found
http://www.nc-climate.ncsu.edu/cucurbit/moderate/viewreport.php?id=260,8/5/2009,7/18/2009,Susan Colucci,NC,Buncombe County,Asheville,Commercial Field,"Acorn squash, Yellow/Summer squash, Giant pumpkin",,100,35,35.5817,-82.5541,Visual; No Incubation,no longer found
http://www.nc-climate.ncsu.edu/cucurbit/moderate/viewreport.php?id=255,8/5/2009,7/29/2009,Mike Adams,NC,Rowan County,Salisbury,Sentinel Plot,Cantaloupe,,80,20,35.6675,-80.4785,Hand lens - field identification,no longer found
http://www.nc-climate.ncsu.edu/cucurbit/moderate/viewreport.php?id=263,8/5/2009,7/30/2009,Mike Adams,NC,Henderson County,Mills River,Sentinel Plot,Watermelon,,50,2,35.3881,-82.5668,Light Microscope; After Incubation,no longer found
http://www.nc-climate.ncsu.edu/cucurbit/moderate/viewreport.php?id=254,8/5/2009,8/1/2009,Mike Adams,NC,Haywood County,Waynesville,Sentinel Plot,"Cantaloupe, Cucumber, Giant pumpkin",,10,2,35.4839,-83.0014,Hand lens - field identification,no longer found
http://www.nc-climate.ncsu.edu/cucurbit/moderate/viewreport.php?id=253,8/5/2009,8/2/2009,Mike Adams,NC,Henderson County,Mills River,Sentinel Plot,Cucumber,,1,1,35.3881,-82.5668,Hand lens - field identification,no longer found
http://www.nc-climate.ncsu.edu/cucurbit/moderate/viewreport.php?id=265,8/7/2009,8/1/2009,Mike Adams,NC,Lenoir County,Kinston,Sentinel Plot,Watermelon,,25,1,35.2763,-77.5923,Light Microscope; After Incubation,no longer found
http://www.nc-climate.ncsu.edu/cucurbit/moderate/viewreport.php?id=301,8/13/2009,8/7/2009,Mike Adams,NC,Rowan County,Salisbury,Sentinel Plot,Butternut squash,,50,5,35.6675,-80.4785,Hand lens - field identification,no longer found
http://www.nc-climate.ncsu.edu/cucurbit/moderate/viewreport.php?id=300,8/13/2009,8/8/2009,Mike Adams,NC,Haywood County,Waynesville,Sentinel Plot,"Acorn squash, Yellow/Summer squash",,25,5,35.4839,-83.0014,Hand lens - field identification,no longer found
http://www.nc-climate.ncsu.edu/cucurbit/moderate/viewreport.php?id=338,8/20/2009,8/18/2009,Bruce T. Gray,NC,Rowan County,Barber,Commercial Field,Giant pumpkin,,10,30,35.7267,-80.6415,Visual; No Incubation,no longer found
http://www.nc-climate.ncsu.edu/cucurbit/moderate/viewreport.php?id=344,8/21/2009,8/12/2009,Mike Adams,NC,Haywood County,Waynesville,Sentinel Plot,Watermelon,,50,5,35.4839,-83.0014,Hand lens - field identification,no longer found
http://www.nc-climate.ncsu.edu/cucurbit/moderate/viewreport.php?id=371,8/31/2009,8/28/2009,Gerald Holmes,NC,wake County,Apex,Home Garden,"Acorn squash, Yellow/Summer squash",,50,0,35.7292,-78.8399,Hand lens - field identification,no longer found
http://www.nc-climate.ncsu.edu/cucurbit/moderate/viewreport.php?id=388,9/3/2009,8/30/2009,Mike Adams,NC,Sampson County,Clinton,Sentinel Plot,"Butternut squash, Cucumber",,35,15,34.9979,-78.3308,Hand lens - field identification,yes
http://www.nc-climate.ncsu.edu/cucurbit/moderate/viewreport.php?id=389,9/4/2009,8/29/2009,Mike Adams,NC,New Hanover County,Castle Hayne,Sentinel Plot,"Butternut squash, Cucumber",,50,15,34.3556,-77.8998,Hand lens - field identification,no longer found
http://www.nc-climate.ncsu.edu/cucurbit/moderate/viewreport.php?id=399,9/10/2009,9/5/2009,Mike Adams,NC,New Hanover County,Castle Hayne,Sentinel Plot,"Cantaloupe, Giant pumpkin",,20,2,34.3556,-77.8998,Hand lens - field identification,no longer found
http://www.nc-climate.ncsu.edu/cucurbit/moderate/viewreport.php?id=400,9/10/2009,9/5/2009,Mike Adams,NC,Sampson County,Clinton,Sentinel Plot,"Cantaloupe, Giant pumpkin",,20,3,34.9979,-78.3308,Hand lens - field identification,yes
http://www.nc-climate.ncsu.edu/cucurbit/moderate/viewreport.php?id=403,9/11/2009,9/4/2009,Mike Adams,NC,Henderson County,Mills River,Sentinel Plot,"Butternut squash, Cantaloupe, Cucumber, Giant pumpkin",,40,5,35.3881,-82.5668,Hand lens - field identification,no longer found
http://www.nc-climate.ncsu.edu/cucurbit/moderate/viewreport.php?id=402,9/11/2009,9/6/2009,Mike Adams,NC,Rowan County,Salisbury,Sentinel Plot,"Butternut squash, Cucumber",,20,3,35.6675,-80.4785,Hand lens - field identification,no longer found
http://www.nc-climate.ncsu.edu/cucurbit/moderate/viewreport.php?id=407,9/14/2009,9/8/2009,Mike Adams,NC,Haywood County,Waynesville,Sentinel Plot,"Butternut squash, Cantaloupe, Cucumber",,20,20,35.4839,-83.0014,Hand lens - field identification,no longer found
http://www.nc-climate.ncsu.edu/cucurbit/moderate/viewreport.php?id=408,9/15/2009,9/10/2009,Mike Adams,NC,Johnston County,Clayton,Sentinel Plot,"Butternut squash, Cantaloupe, Cucumber, Giant pumpkin",,60,10,35.6456,-78.4626,Hand lens - field identification,no longer found
http://www.nc-climate.ncsu.edu/cucurbit/moderate/viewreport.php?id=409,9/15/2009,9/10/2009,Mike Adams,NC,Lenoir County,Kinston,Sentinel Plot,"Cantaloupe, Cucumber",,60,5,35.2763,-77.5923,Hand lens - field identification,no longer found
http://www.nc-climate.ncsu.edu/cucurbit/moderate/viewreport.php?id=415,9/18/2009,9/12/2009,Mike Adams,NC,New Hanover County,Castle Hayne,Sentinel Plot,"Acorn squash, Yellow/Summer squash",,50,2,34.3556,-77.8998,Hand lens - field identification,no longer found
http://www.nc-climate.ncsu.edu/cucurbit/moderate/viewreport.php?id=416,9/18/2009,9/12/2009,Mike Adams,NC,Rowan County,Salisbury,Sentinel Plot,"Acorn squash, Yellow/Summer squash, Cantaloupe, Watermelon",,40,3,35.6675,-80.4785,Hand lens - field identification,no longer found
http://www.nc-climate.ncsu.edu/cucurbit/moderate/viewreport.php?id=417,9/18/2009,9/13/2009,Mike Adams,NC,Henderson County,Mills River,Sentinel Plot,"Acorn squash, Yellow/Summer squash",,40,2,35.3881,-82.5668,Hand lens - field identification,no longer found
http://www.nc-climate.ncsu.edu/cucurbit/moderate/viewreport.php?id=425,9/21/2009,9/13/2009,Mike Adams,NC,Haywood County,Waynesville,Sentinel Plot,"Cucumber, Giant pumpkin",,50,3,35.4839,-83.0014,Hand lens - field identification,no longer found
http://www.nc-climate.ncsu.edu/cucurbit/moderate/viewreport.php?id=432,9/25/2009,9/16/2009,Mike Adams,NC,Sampson County,Clinton,Sentinel Plot,"Acorn squash, Yellow/Summer squash",,65,7,34.9979,-78.3308,Hand lens - field identification,yes
http://www.nc-climate.ncsu.edu/cucurbit/moderate/viewreport.php?id=433,9/25/2009,9/17/2009,Mike Adams,NC,Lenoir County,Kinston,Sentinel Plot,"Acorn squash, Yellow/Summer squash, Giant pumpkin",,45,2,35.2763,-77.5923,Hand lens - field identification,no longer found
http://www.nc-climate.ncsu.edu/cucurbit/moderate/viewreport.php?id=434,9/25/2009,9/18/2009,Mike Adams,NC,New Hanover County,Castle Hayne,Sentinel Plot,Watermelon,,30,2,34.3556,-77.8998,Hand lens - field identification,no longer found
http://www.nc-climate.ncsu.edu/cucurbit/moderate/viewreport.php?id=435,9/25/2009,9/21/2009,Mike Adams,NC,Rowan County,Salisbury,Sentinel Plot,Giant pumpkin,,20,1,35.6675,-80.4785,Hand lens - field identification,no longer found
http://www.nc-climate.ncsu.edu/cucurbit/moderate/viewreport.php?id=443,10/7/2009,10/1/2009,Mike Adams,NC,Lenoir County,Kinston,Sentinel Plot,Watermelon,,50,2,35.2627,-77.5816,Hand lens - field identification,no longer found
http://www.nc-climate.ncsu.edu/cucurbit/moderate/viewreport.php?id=450,10/16/2009,10/9/2009,Mike Adams,NC,Johnston County,Clayton,Sentinel Plot,"Acorn squash, Yellow/Summer squash",,60,10,35.6507,-78.4564,Hand lens - field identification,no longer found
http://www.nc-climate.ncsu.edu/cucurbit/moderate/viewreport.php?id=160,7/14/2009,7/9/2009,Andy Wyenandt,NJ,Atlantic County,"Vineland, NJ",Commercial Field,Cucumber,,10,25,39.4838,-75.0717,Visual; No Incubation,yes
http://www.nc-climate.ncsu.edu/cucurbit/moderate/viewreport.php?id=200,7/27/2009,7/27/2009,Andy Wyenandt,NJ,Cumberland County,Bridgeton,Sentinel Plot,Cucumber,,1,1,39.4289,-75.2331,Dissecting Microscope; No Incubation,yes
http://www.nc-climate.ncsu.edu/cucurbit/moderate/viewreport.php?id=259,8/5/2009,8/1/2009,Kristian Holmstrom,NJ,Hunterdon County,Pittstown,Sentinel Plot,"Cucumber, Giant pumpkin",,30,25,40.5821,-74.9593,Dissecting Microscope; No Incubation,no longer found
http://www.nc-climate.ncsu.edu/cucurbit/moderate/viewreport.php?id=266,8/7/2009,8/7/2009,Andy Wyenandt,NJ,Cumberland County,Bridgeton,Sentinel Plot,Butternut squash,,5,1,39.4289,-75.2331,Visual; No Incubation,yes
http://www.nc-climate.ncsu.edu/cucurbit/moderate/viewreport.php?id=296,8/12/2009,8/4/2009,Andy Wyenandt,NJ,Gloucester County,Thorofare,Commercial Field,,Pumpkin (C. pepo),100,60,39.8405,-75.1927,Visual; No Incubation,yes
http://www.nc-climate.ncsu.edu/cucurbit/moderate/viewreport.php?id=297,8/12/2009,8/5/2009,Andy Wyenandt,NJ,Cumberland County,Bridgeton,Sentinel Plot,"Giant pumpkin, Watermelon",,100,1,39.4289,-75.2331,Visual; No Incubation,yes
http://www.nc-climate.ncsu.edu/cucurbit/moderate/viewreport.php?id=358,8/25/2009,8/17/2009,W. Britton for K. Holmstrom,NJ,Hunterdon County,Pittstown,Sentinel Plot,"Butternut squash, Cantaloupe",,0,25,40.5821,-74.9593,Dissecting Microscope; No Incubation,no longer found
http://www.nc-climate.ncsu.edu/cucurbit/moderate/viewreport.php?id=219,7/28/2009,6/10/2009,W. Britton,NY,Monroe County,Spencerport,Sentinel Plot,"Acorn squash, Yellow/Summer squash, Butternut squash, Cantaloupe, Cucumber, Giant pumpkin, Watermelon",,0,0,43.1879,-77.8027,Visual; After Incubation,no
http://www.nc-climate.ncsu.edu/cucurbit/moderate/viewreport.php?id=216,7/28/2009,7/20/2009,Margaret McGrath,NY,Suffolk County,Riverhead,Sentinel Plot,Cucumber,,100,1,40.9411,-72.6815,Dissecting Microscope; No Incubation,no longer found
http://www.nc-climate.ncsu.edu/cucurbit/moderate/viewreport.php?id=261,8/5/2009,8/4/2009,Chris Smart,NY,Orleans County,,Commercial Field,Cucumber,,0,0,43.4089,-78.202,Dissecting Microscope; No Incubation,no longer found
http://www.nc-climate.ncsu.edu/cucurbit/moderate/viewreport.php?id=262,8/5/2009,8/5/2009,Chris Smart,NY,Ontario County,Geneva,Research Plot,Cucumber,,0.1,0.1,42.8667,-76.9851,Dissecting Microscope; No Incubation,no longer found
http://www.nc-climate.ncsu.edu/cucurbit/moderate/viewreport.php?id=272,8/10/2009,8/1/2009,Margaret McGrath,NY,Suffolk County,Riverhead,Sentinel Plot,Cantaloupe,,85,5,40.9411,-72.6815,Dissecting Microscope; No Incubation,no longer found
http://www.nc-climate.ncsu.edu/cucurbit/moderate/viewreport.php?id=275,8/10/2009,8/7/2009,Margaret McGrath,NY,Suffolk County,Jamesport,Commercial Field,,Calabaza (Cucurbita moschata),10,0,40.9546,-72.5845,Dissecting Microscope; No Incubation,no longer found
http://www.nc-climate.ncsu.edu/cucurbit/moderate/viewreport.php?id=288,8/11/2009,8/10/2009,Margaret McGrath,NY,Suffolk County,Riverhead,Commercial Field,,Zucchini squash (Cucurbita pepo),100,15,40.9411,-72.6815,Dissecting Microscope; No Incubation,no longer found
http://www.nc-climate.ncsu.edu/cucurbit/moderate/viewreport.php?id=342,8/20/2009,8/12/2009,Robert Hadad,NY,Erie County,,Commercial Field,Cucumber,,50,25,42.6975,-78.7476,Visual; After Incubation,no longer found
http://www.nc-climate.ncsu.edu/cucurbit/moderate/viewreport.php?id=343,8/20/2009,8/17/2009,Robert Hadad,NY,Niagara County,,Commercial Field,Cucumber,,80,75,43.312,-78.7476,Visual; After Incubation,no longer found
http://www.nc-climate.ncsu.edu/cucurbit/moderate/viewreport.php?id=362,8/27/2009,7/27/2009,Margaret McGrath,NY,Suffolk County,,Commercial Field,"Acorn squash, Yellow/Summer squash, Cucumber",,0,0,40.9849,-72.6151,Visual; No Incubation,no longer found
http://www.nc-climate.ncsu.edu/cucurbit/moderate/viewreport.php?id=375,9/1/2009,8/31/2009,Margaret McGrath,NY,Suffolk County,Riverhead,Sentinel Plot,"Butternut squash, Giant pumpkin",,50,0.1,40.9411,-72.6815,Dissecting Microscope; No Incubation,no longer found
http://www.nc-climate.ncsu.edu/cucurbit/moderate/viewreport.php?id=380,9/2/2009,8/11/2009,Tom Zitter,NY,Dutchess County,Town of La Grange,Commercial Field,Cucumber,,50,50,41.6711,-73.9069,Visual; No Incubation,no longer found
http://www.nc-climate.ncsu.edu/cucurbit/moderate/viewreport.php?id=381,9/2/2009,8/25/2009,Tom Zitter,NY,Washington County,Eagle Bridge,Commercial Field,Cucumber,,50,50,42.9499,-73.3959,Visual; No Incubation,no longer found
http://www.nc-climate.ncsu.edu/cucurbit/moderate/viewreport.php?id=382,9/2/2009,8/28/2009,Tom Zitter,NY,Tompkins County,Freeville,Research Plot,Cucumber,,100,75,42.5139,-76.3467,Visual; No Incubation,no longer found
http://www.nc-climate.ncsu.edu/cucurbit/moderate/viewreport.php?id=118,6/30/2009,6/29/2009,Sally Miller,OH,Sandusky County,,ye,Cucumber,,1,15,41.3559,-83.122,Light Microscope; Before Incubation,no longer found
http://www.nc-climate.ncsu.edu/cucurbit/moderate/viewreport.php?id=137,7/6/2009,7/4/2009,Sally Miller,OH,Henry County,Napoleon,Commercial Field,Cucumber,,1,10,41.3916,-84.1268,Visual; No Incubation,no longer found
http://www.nc-climate.ncsu.edu/cucurbit/moderate/viewreport.php?id=144,7/7/2009,6/30/2009,Robert Netz,OH,Sandusky & Ottawa County,Elmore,Commercial Field,,Hand Harvest Pickles,40,25,41.4758,-83.2948,Visual; After Incubation,no longer found
http://www.nc-climate.ncsu.edu/cucurbit/moderate/viewreport.php?id=156,7/14/2009,7/6/2009,Sally Miller,OH,Sandusky County,Fremont,Sentinel Plot,Cucumber,,0,20,41.3486,-83.1167,Dissecting Microscope; No Incubation,no longer found
http://www.nc-climate.ncsu.edu/cucurbit/moderate/viewreport.php?id=157,7/14/2009,7/7/2009,Sally Miller,OH,Ashtabula County,Jefferson,Commercial Field,Cucumber,,0,10,41.7383,-80.7694,Dissecting Microscope; No Incubation,no longer found
http://www.nc-climate.ncsu.edu/cucurbit/moderate/viewreport.php?id=158,7/14/2009,7/7/2009,Sally Miller,OH,Geauga County,Burton,Commercial Field,Cucumber,,0,15,41.4706,-81.1457,Dissecting Microscope; No Incubation,no longer found
http://www.nc-climate.ncsu.edu/cucurbit/moderate/viewreport.php?id=165,7/14/2009,7/14/2009,Sally Miller,OH,Huron County,Willard,Research Plot,Cucumber,,0,5,41.0531,-82.7217,Light Microscope; Before Incubation,no longer found
http://www.nc-climate.ncsu.edu/cucurbit/moderate/viewreport.php?id=190,7/22/2009,7/20/2009,Sally Miller,OH,Medina County,Homerville,Commercial Field,Cucumber,,1,1,41.0273,-82.1261,Hand lens - field identification,no longer found
http://www.nc-climate.ncsu.edu/cucurbit/moderate/viewreport.php?id=204,7/27/2009,6/5/2009,W. Britton,OH,Huron County,Willard,Sentinel Plot,"Acorn squash, Yellow/Summer squash, Butternut squash, Cantaloupe, Cucumber, Giant pumpkin, Watermelon",,0,0,41.001,-82.7366,Visual; After Incubation,"scouted, not found"
http://www.nc-climate.ncsu.edu/cucurbit/moderate/viewreport.php?id=203,7/27/2009,6/5/2009,W. Britton,OH,Wayne County,Wooster,Sentinel Plot,"Acorn squash, Yellow/Summer squash, Butternut squash, Cantaloupe, Cucumber, Giant pumpkin, Watermelon",,0,0,49.7655,-81.9065,Visual; After Incubation,"scouted, not found"
http://www.nc-climate.ncsu.edu/cucurbit/moderate/viewreport.php?id=206,7/27/2009,6/18/2009,W. Britton,OH,Clark County,Charleston,Sentinel Plot,"Acorn squash, Yellow/Summer squash, Butternut squash, Cantaloupe, Cucumber, Giant pumpkin, Watermelon",,0,0,39.8629,-83.6662,Visual; After Incubation,"scouted, not found"
http://www.nc-climate.ncsu.edu/cucurbit/moderate/viewreport.php?id=201,7/27/2009,7/25/2009,Sally Miller,OH,Wayne County,Wooster,Home Garden,"Cantaloupe, Cucumber",,2,5,40.8213,-81.9343,Dissecting Microscope; After Incubation,no longer found
http://www.nc-climate.ncsu.edu/cucurbit/moderate/viewreport.php?id=217,7/28/2009,6/7/2009,W. Britton,OH,Meigs County,Pomeroy,Sentinel Plot,"Acorn squash, Yellow/Summer squash, Butternut squash, Cantaloupe, Cucumber, Giant pumpkin, Watermelon",,0,0,39.0277,-82.0324,Visual; After Incubation,"scouted, not found"
http://www.nc-climate.ncsu.edu/cucurbit/moderate/viewreport.php?id=245,8/3/2009,7/20/2009,Sally Miller,OH,Holmes County,Mt. Hope,Commercial Field,Cucumber,,100,80,40.6242,-81.7842,Hand lens - field identification,no longer found
http://www.nc-climate.ncsu.edu/cucurbit/moderate/viewreport.php?id=307,8/14/2009,8/5/2009,Nancy J. Taylor,OH,Trumbull County,West Farmington,Home Garden,Cucumber,,0,0,41.3904,-80.9736,Dissecting Microscope; No Incubation,no longer found
http://www.nc-climate.ncsu.edu/cucurbit/moderate/viewreport.php?id=142,7/7/2009,6/16/2009,W. Britton,OK,Payne County,Stillwater,Sentinel Plot,"Acorn squash, Yellow/Summer squash, Butternut squash, Cantaloupe, Cucumber, Giant pumpkin",,0,0,36.1277,-97.1038,Visual; After Incubation,"scouted, not found"
http://www.nc-climate.ncsu.edu/cucurbit/moderate/viewreport.php?id=141,7/7/2009,6/23/2009,W. Britton,OK,Caddo County,Ft. Cobb,Sentinel Plot,"Acorn squash, Yellow/Summer squash, Butternut squash, Cantaloupe, Cucumber, Giant pumpkin, Watermelon",,0,0,35.1489,-98.4661,Visual; After Incubation,"scouted, not found"
http://www.nc-climate.ncsu.edu/cucurbit/moderate/viewreport.php?id=140,7/7/2009,7/2/2009,W. Britton,OK,Atoka County,Lane,Sentinel Plot,"Acorn squash, Yellow/Summer squash, Butternut squash, Cantaloupe, Cucumber, Giant pumpkin, Watermelon",,0,0,34.3088,-95.9972,Visual; After Incubation,"scouted, not found"
http://www.nc-climate.ncsu.edu/cucurbit/moderate/viewreport.php?id=73,6/29/2009,6/25/2009,Elaine Roddy,ON,Chatham-Kent,Dresden,Commercial Field,Cucumber,,18,2,42.5876,-82.1797,Dissecting Microscope; After Incubation,no longer found
http://www.nc-climate.ncsu.edu/cucurbit/moderate/viewreport.php?id=180,7/20/2009,7/13/2009,Elaine Roddy,ON,Norfolk,Simcoe,Commercial Field,Cucumber,,20,20,42.836,-80.3048,Visual; After Incubation,no longer found
http://www.nc-climate.ncsu.edu/cucurbit/moderate/viewreport.php?id=179,7/20/2009,7/14/2009,Elaine Roddy,ON,Elgin,Aylmer,Commercial Field,Cucumber,,1,1,42.773,-80.983,Visual; No Incubation,no longer found
http://www.nc-climate.ncsu.edu/cucurbit/moderate/viewreport.php?id=184,7/21/2009,7/17/2009,Elaine Roddy,ON,Norfolk,Simcoe,Sentinel Plot,Cucumber,,1,1,42.836,-80.3048,Visual; No Incubation,no longer found
http://www.nc-climate.ncsu.edu/cucurbit/moderate/viewreport.php?id=193,7/23/2009,7/21/2009,Elaine Roddy,ON,Chatham,Kent,Sentinel Plot,Cantaloupe,,1,1,42.412,-82.185,Dissecting Microscope; No Incubation,no longer found
http://www.nc-climate.ncsu.edu/cucurbit/moderate/viewreport.php?id=439,9/29/2009,7/27/2009,W. Britton,ON,Chatham,Kent,Sentinel Plot,Cucumber,,0,3,42.412,-82.185,Visual; After Incubation,no longer found
http://www.nc-climate.ncsu.edu/cucurbit/moderate/viewreport.php?id=440,9/29/2009,7/28/2009,W. Britton,ON,Elgin,,Sentinel Plot,"Cantaloupe, Cucumber",,0,0.5,42.4997,-81.6591,Visual; After Incubation,no longer found
http://www.nc-climate.ncsu.edu/cucurbit/moderate/viewreport.php?id=86,6/30/2009,6/30/2009,Wendy Britton,PA,Westmoreland County,Jeanette,Sentinel Plot,"Acorn squash, Yellow/Summer squash, Butternut squash, Cantaloupe, Cucumber, Giant pumpkin, Watermelon",,0,0,40.2268,-79.6522,Visual; After Incubation,"scouted, not found"
http://www.nc-climate.ncsu.edu/cucurbit/moderate/viewreport.php?id=150,7/13/2009,7/7/2009,Beth Gugino,PA,Westmoreland County,,Commercial Field,Cucumber,,5,0,40.2697,-79.2973,Visual; No Incubation,no longer found
http://www.nc-climate.ncsu.edu/cucurbit/moderate/viewreport.php?id=228,7/29/2009,7/28/2009,Timothy Elkner,PA,Lancaster County,Manheim,Sentinel Plot,Cucumber,,5,25,40.1638,-76.3951,Dissecting Microscope; No Incubation,no longer found
http://www.nc-climate.ncsu.edu/cucurbit/moderate/viewreport.php?id=238,7/31/2009,6/29/2009,Timothy Elkner,PA,Lancaster County,Manheim,Sentinel Plot,Butternut squash,,10,5,40.1638,-76.3951,Dissecting Microscope; No Incubation,no longer found
http://www.nc-climate.ncsu.edu/cucurbit/moderate/viewreport.php?id=237,7/31/2009,7/29/2009,Timothy Elkner,PA,Lancaster County,Manheim,Sentinel Plot,Cantaloupe,,10,1,40.1638,-76.3951,Dissecting Microscope; No Incubation,no longer found
http://www.nc-climate.ncsu.edu/cucurbit/moderate/viewreport.php?id=239,7/31/2009,7/29/2009,Timothy Elkner,PA,Lancaster County,Manheim,Sentinel Plot,Cucumber,,5,0,40.1638,-76.3951,Dissecting Microscope; No Incubation,no longer found
http://www.nc-climate.ncsu.edu/cucurbit/moderate/viewreport.php?id=247,8/4/2009,8/3/2009,Timothy Elkner,PA,Lancaster County,Manheim,Sentinel Plot,"Acorn squash, Yellow/Summer squash",,10,5,40.1638,-76.3951,Dissecting Microscope; No Incubation,no longer found
http://www.nc-climate.ncsu.edu/cucurbit/moderate/viewreport.php?id=248,8/4/2009,8/3/2009,Timothy Elkner,PA,Lancaster County,Manheim,Sentinel Plot,Giant pumpkin,,5,0,40.1638,-76.3951,Dissecting Microscope; No Incubation,no longer found
http://www.nc-climate.ncsu.edu/cucurbit/moderate/viewreport.php?id=267,8/9/2009,7/20/2009,Beth Gugino,PA,Lancaster County,Georgetown,Commercial Field,Cucumber,,50,0,39.9376,-76.0834,Visual; After Incubation,no longer found
http://www.nc-climate.ncsu.edu/cucurbit/moderate/viewreport.php?id=268,8/9/2009,8/3/2009,Beth Gugino,PA,Lancaster County,Georgetown,Commercial Field,Butternut squash,,100,50,39.9376,-76.0834,Visual; After Incubation,no longer found
http://www.nc-climate.ncsu.edu/cucurbit/moderate/viewreport.php?id=269,8/9/2009,8/3/2009,Beth Gugino,PA,Lancaster County,Georgetown,Commercial Field,Giant pumpkin,,75,50,39.9376,-76.0834,Visual; After Incubation,no longer found
http://www.nc-climate.ncsu.edu/cucurbit/moderate/viewreport.php?id=270,8/9/2009,8/3/2009,Beth Gugino,PA,Lancaster County,Georgetown,Commercial Field,,Honeydew melon,50,50,39.9376,-76.0834,Visual; After Incubation,no longer found
http://www.nc-climate.ncsu.edu/cucurbit/moderate/viewreport.php?id=271,8/9/2009,8/5/2009,Beth Gugino,PA,Centre County,PA Furnace,Research Plot,Cucumber,,2,5,40.7146,-77.9403,Visual; No Incubation,no longer found
http://www.nc-climate.ncsu.edu/cucurbit/moderate/viewreport.php?id=284,8/10/2009,8/1/2009,Beth Gugino,PA,Clarion County,Knox,Home Garden,Cantaloupe,,0,70,41.2347,-79.5372,Visual; No Incubation,no longer found
http://www.nc-climate.ncsu.edu/cucurbit/moderate/viewreport.php?id=282,8/10/2009,8/6/2009,Beth Gugino,PA,Lackawanna County,Clarks Summit,Commercial Field,Cucumber,,100,25,41.4947,-75.7062,Visual; After Incubation,no longer found
http://www.nc-climate.ncsu.edu/cucurbit/moderate/viewreport.php?id=283,8/10/2009,8/9/2009,Beth Gugino,PA,Centre County,,Sentinel Plot,Cucumber,,10,10,40.8766,-77.8367,Visual; No Incubation,no longer found
http://www.nc-climate.ncsu.edu/cucurbit/moderate/viewreport.php?id=310,8/17/2009,8/10/2009,Beth Gugino,PA,Erie County,Fairview,Sentinel Plot,Cucumber,,100,20,42.0314,-80.2554,Dissecting Microscope; No Incubation,no longer found
http://www.nc-climate.ncsu.edu/cucurbit/moderate/viewreport.php?id=312,8/17/2009,8/10/2009,Beth Gugino,PA,Erie County,Fairview,Sentinel Plot,Cucumber,,75,5,42.0314,-80.2554,Dissecting Microscope; No Incubation,no longer found
http://www.nc-climate.ncsu.edu/cucurbit/moderate/viewreport.php?id=313,8/17/2009,8/10/2009,Beth Gugino,PA,Erie County,Fairview,Sentinel Plot,Cantaloupe,,70,1,42.0314,-80.2554,Dissecting Microscope; No Incubation,no longer found
http://www.nc-climate.ncsu.edu/cucurbit/moderate/viewreport.php?id=314,8/17/2009,8/16/2009,Beth Gugino,PA,Centre County,Pine Grove Mills (Rock Springs),Sentinel Plot,Cucumber,,25,5,39.715,-76.1589,Visual; No Incubation,no longer found
http://www.nc-climate.ncsu.edu/cucurbit/moderate/viewreport.php?id=337,8/19/2009,8/12/2009,Beth Gugino,PA,Centre County,,Home Garden,Giant pumpkin,,100,30,40.8766,-77.8367,Visual; After Incubation,no longer found
http://www.nc-climate.ncsu.edu/cucurbit/moderate/viewreport.php?id=336,8/19/2009,8/17/2009,Beth Gugino,PA,Erie County,Fairview,Sentinel Plot,"Acorn squash, Yellow/Summer squash",,30,5,42.0314,-80.2554,Dissecting Microscope; No Incubation,no longer found
http://www.nc-climate.ncsu.edu/cucurbit/moderate/viewreport.php?id=339,8/20/2009,8/12/2009,Timothy Elkner,PA,Lancaster County,Manheim,Sentinel Plot,Watermelon,,50,0,40.1638,-76.3951,Dissecting Microscope; After Incubation,no longer found
http://www.nc-climate.ncsu.edu/cucurbit/moderate/viewreport.php?id=50,6/15/2009,6/13/2009,Anthony Keinath,SC,Charleston County,Charleston,Sentinel Plot,Butternut squash,,6,2,32.7931,-79.9413,Dissecting Microscope; No Incubation,no longer found
http://www.nc-climate.ncsu.edu/cucurbit/moderate/viewreport.php?id=53,6/18/2009,6/12/2009,Allan Thornton,SC,Clarendon County,"Turbeville, SC",Commercial Field,Cucumber,,50,50,33.8899,-80.02,Hand lens - field identification,no longer found
http://www.nc-climate.ncsu.edu/cucurbit/moderate/viewreport.php?id=74,6/29/2009,6/22/2009,Anthony Keinath,SC,Charleston County,Charleston,Research Plot,"Acorn squash, Yellow/Summer squash",,5,3,32.7931,-79.9413,Visual; No Incubation,no longer found
http://www.nc-climate.ncsu.edu/cucurbit/moderate/viewreport.php?id=78,6/30/2009,6/30/2009,Wendy Britton,SC,Lexington County,Lexington,Sentinel Plot,"Acorn squash, Yellow/Summer squash, Butternut squash, Cantaloupe, Cucumber, Giant pumpkin, Watermelon",,0,0,33.9862,-81.2349,Visual; After Incubation,no
http://www.nc-climate.ncsu.edu/cucurbit/moderate/viewreport.php?id=80,6/30/2009,6/30/2009,Wendy Britton,SC,Sumter County,Gable,Sentinel Plot,"Acorn squash, Yellow/Summer squash, Butternut squash, Cantaloupe, Cucumber, Giant pumpkin, Watermelon",,0,0,34.0833,-80.5333,Visual; After Incubation,no
http://www.nc-climate.ncsu.edu/cucurbit/moderate/viewreport.php?id=252,8/5/2009,7/22/2009,Ginny DuBose,SC,Greenville County,Taylors,Sentinel Plot,Cucumber,,20,40,34.9939,-82.345,Dissecting Microscope; After Incubation,no longer found
http://www.nc-climate.ncsu.edu/cucurbit/moderate/viewreport.php?id=290,8/11/2009,8/7/2009,Anthony Keinath,SC,Greenville County,Taylors,Sentinel Plot,Butternut squash,,0,40,34.9168,-82.3169,Visual; After Incubation,no longer found
http://www.nc-climate.ncsu.edu/cucurbit/moderate/viewreport.php?id=291,8/11/2009,8/7/2009,Anthony Keinath,SC,Greenville County,Taylors,Sentinel Plot,Cantaloupe,,0,10,34.9168,-82.3169,Visual; After Incubation,no longer found
http://www.nc-climate.ncsu.edu/cucurbit/moderate/viewreport.php?id=317,8/17/2009,8/14/2009,Anthony Keinath,SC,Charleston County,Charleston,Research Plot,Cucumber,,20,10,32.7931,-79.9413,Visual; No Incubation,yes
http://www.nc-climate.ncsu.edu/cucurbit/moderate/viewreport.php?id=333,8/19/2009,8/10/2009,Anthony Keinath,SC,Cherokee County,Gaffney,Commercial Field,,"Pumpkin, Cucurbita pepo cv. Pro-Gold 150",100,15,35.0729,-81.6509,Dissecting Microscope; No Incubation,no longer found
http://www.nc-climate.ncsu.edu/cucurbit/moderate/viewreport.php?id=331,8/19/2009,8/15/2009,Anthony Keinath,SC,Greenville County,Taylors,Sentinel Plot,"Giant pumpkin, Watermelon",,0,5,34.9168,-82.3169,Visual; No Incubation,no longer found
http://www.nc-climate.ncsu.edu/cucurbit/moderate/viewreport.php?id=383,9/2/2009,8/24/2009,Anthony Keinath,SC,Charleston County,Charleston,Research Plot,Butternut squash,"Green striped Cushaw squash, Cucurbita argyrosperma",5,1,32.7931,-79.9413,Dissecting Microscope; No Incubation,yes
http://www.nc-climate.ncsu.edu/cucurbit/moderate/viewreport.php?id=398,9/10/2009,9/2/2009,Anthony Keinath,SC,Bamberg County,Bamberg,Commercial Field,Cucumber,,10,5,33.297,-81.035,Visual; No Incubation,no longer found
http://www.nc-climate.ncsu.edu/cucurbit/moderate/viewreport.php?id=397,9/10/2009,9/10/2009,GEORGE SUTTON,sc,clarendon county,"turbeville,sc",Commercial Field,Cucumber,,15,10,33.8899,-80.02,Visual; No Incubation,no longer found
http://www.nc-climate.ncsu.edu/cucurbit/moderate/viewreport.php?id=418,9/18/2009,9/2/2009,Anthony Keinath,SC,Charleston County,Charleston,Research Plot,"Acorn squash, Yellow/Summer squash",Pumpkin C. pepo,50,5,32.7931,-79.9413,Visual; No Incubation,yes
http://www.nc-climate.ncsu.edu/cucurbit/moderate/viewreport.php?id=430,9/23/2009,9/15/2009,Anthony Keinath,SC,Pickens County,Clemson,Home Garden,Cucumber,,100,75,34.6868,-82.8141,Dissecting Microscope; No Incubation,no longer found
http://www.nc-climate.ncsu.edu/cucurbit/moderate/viewreport.php?id=437,9/25/2009,9/21/2009,Anthony Keinath,SC,Charleston County,,Research Plot,"Acorn squash, Yellow/Summer squash",,35,5,32.7957,-79.7848,Visual; No Incubation,yes
http://www.nc-climate.ncsu.edu/cucurbit/moderate/viewreport.php?id=436,9/25/2009,9/22/2009,Anthony Keinath,SC,Charleston County,,Sentinel Plot,Butternut squash,,28,1,32.7957,-79.7848,Visual; No Incubation,yes
http://www.nc-climate.ncsu.edu/cucurbit/moderate/viewreport.php?id=444,10/9/2009,10/6/2009,Dr. Anthony Keinath,SC,Charleston County,Charleston,Sentinel Plot,"Acorn squash, Yellow/Summer squash, Butternut squash, Cantaloupe, Cucumber, Giant pumpkin, Watermelon",,50,50,32.7766,-79.9309,Visual; After Incubation,yes
http://www.nc-climate.ncsu.edu/cucurbit/moderate/viewreport.php?id=447,10/14/2009,8/25/2009,Anthony P Keinath,SC,Charleston County,"Rockville, SC",Commercial Field,"Acorn squash, Yellow/Summer squash, Cucumber",,85,40,32.6007,-80.1948,Dissecting Microscope; After Incubation,yes
http://www.nc-climate.ncsu.edu/cucurbit/moderate/viewreport.php?id=448,10/15/2009,9/30/2009,Anthony Keinath,SC,Berkeley County,Mepkin Abbey,Home Garden,"Acorn squash, Yellow/Summer squash, Cucumber",,0,0,33.117,-79.9508,,yes
http://www.nc-climate.ncsu.edu/cucurbit/moderate/viewreport.php?id=241,7/31/2009,7/31/2009,Craig Canaday,TN,Madsion County,Jackson,Sentinel Plot,Cucumber,,80,20,35.648,-88.8647,Light Microscope; Before Incubation,no longer found
http://www.nc-climate.ncsu.edu/cucurbit/moderate/viewreport.php?id=306,8/14/2009,8/9/2009,Steve Bost,TN,Cumberland County,,Sentinel Plot,Cucumber,,0,5,35.8995,-85.0233,Light Microscope; Before Incubation,no longer found
http://www.nc-climate.ncsu.edu/cucurbit/moderate/viewreport.php?id=305,8/14/2009,8/9/2009,Steve Bost,TN,Robertson County,,Sentinel Plot,Cucumber,,0,5,36.5251,-86.8622,Light Microscope; Before Incubation,yes
http://www.nc-climate.ncsu.edu/cucurbit/moderate/viewreport.php?id=401,9/10/2009,9/8/2009,Craig Canaday,TN,Madison County,"Jackson, TN",Sentinel Plot,Butternut squash,,60,40,35.6396,-88.8277,Light Microscope; Before Incubation,no longer found
http://www.nc-climate.ncsu.edu/cucurbit/moderate/viewreport.php?id=429,9/22/2009,7/31/2009,Craig Canaday,TN,Madison County,Jackson,Sentinel Plot,"Acorn squash, Yellow/Summer squash, Butternut squash, Cantaloupe, Cucumber, Giant pumpkin",,90,70,35.6396,-88.8277,Light Microscope; Before Incubation,no longer found
http://www.nc-climate.ncsu.edu/cucurbit/moderate/viewreport.php?id=446,10/14/2009,9/15/2009,Steve Bost,TN,Gibson County,Milan,Commercial Field,,Jack-o-lantern pumpkin (Cucurbita pepo),80,10,35.9198,-88.7589,Light Microscope; Before Incubation,yes
http://www.nc-climate.ncsu.edu/cucurbit/moderate/viewreport.php?id=37,6/1/2009,6/1/2009,W. Britton for T. Isakeit,TX,Hidalgo County,Monte Alto,Commercial Field,Watermelon,,0.5,0.5,26.335,-98.0294,Light Microscope; Before Incubation,no longer found
http://www.nc-climate.ncsu.edu/cucurbit/moderate/viewreport.php?id=112,6/30/2009,6/30/2009,W. Britton,TX,Brazos County,Bryan,Sentinel Plot,"Acorn squash, Yellow/Summer squash, Butternut squash, Cantaloupe, Cucumber, Giant pumpkin, Watermelon",,0,0,30.6305,-96.3713,Visual; After Incubation,no
http://www.nc-climate.ncsu.edu/cucurbit/moderate/viewreport.php?id=113,6/30/2009,6/30/2009,W. Britton,TX,Erath County,Stephenville,Sentinel Plot,"Acorn squash, Yellow/Summer squash, Butternut squash, Cantaloupe, Cucumber, Giant pumpkin, Watermelon",,0,0,32.2512,-98.1947,Visual; After Incubation,no
http://www.nc-climate.ncsu.edu/cucurbit/moderate/viewreport.php?id=114,6/30/2009,6/30/2009,W. Britton,TX,Rusk County,Overton,Sentinel Plot,"Acorn squash, Yellow/Summer squash, Butternut squash, Cantaloupe, Cucumber, Giant pumpkin, Watermelon",,0,0,32.2776,-94.9719,Visual; After Incubation,no
http://www.nc-climate.ncsu.edu/cucurbit/moderate/viewreport.php?id=218,7/28/2009,6/17/2009,W. Britton,TX,Hale County,Halfway,Sentinel Plot,"Acorn squash, Yellow/Summer squash, Butternut squash, Cantaloupe, Cucumber, Giant pumpkin, Watermelon",,0,0,34.1868,-101.946,Visual; After Incubation,no
http://www.nc-climate.ncsu.edu/cucurbit/moderate/viewreport.php?id=55,6/19/2009,6/16/2009,W. Britton for S. Rideout,VA,Suffolk County,Suffolk,Sentinel Plot,Cucumber,,10,2.5,36.6663,-76.7343,Dissecting Microscope; No Incubation,no longer found
http://www.nc-climate.ncsu.edu/cucurbit/moderate/viewreport.php?id=62,6/24/2009,6/20/2009,Steve Rideout,VA,Northampton County,Townsend,Commercial Field,Cucumber,,5,1,37.1855,-75.9582,Dissecting Microscope; No Incubation,yes
http://www.nc-climate.ncsu.edu/cucurbit/moderate/viewreport.php?id=66,6/26/2009,6/20/2009,Steve Rideout,VA,Dinwiddie County,Petersburg,Commercial Field,Cucumber,,50,20,37.2073,-77.3915,Dissecting Microscope; No Incubation,yes
http://www.nc-climate.ncsu.edu/cucurbit/moderate/viewreport.php?id=119,7/1/2009,6/20/2009,Steve Rideout,VA,Virginia Beach County,Virginia Beach,Commercial Field,Cucumber,,100,25,36.8592,-75.9787,Dissecting Microscope; No Incubation,yes
http://www.nc-climate.ncsu.edu/cucurbit/moderate/viewreport.php?id=149,7/13/2009,7/10/2009,Steve Rideout,VA,Accomack County,Painter,Sentinel Plot,Cucumber,,10,1,37.5859,-75.785,Visual; No Incubation,no longer found
http://www.nc-climate.ncsu.edu/cucurbit/moderate/viewreport.php?id=177,7/20/2009,7/14/2009,Steve Rideout,VA,Campbell County,Rustburg,Home Garden,Cucumber,,20,5,37.2776,-79.0994,Visual; After Incubation,no longer found
http://www.nc-climate.ncsu.edu/cucurbit/moderate/viewreport.php?id=178,7/20/2009,7/14/2009,Steve Rideout,VA,Suffolk County,Suffolk,Sentinel Plot,Cantaloupe,,10,5,36.7282,-76.5832,Visual; After Incubation,no longer found
http://www.nc-climate.ncsu.edu/cucurbit/moderate/viewreport.php?id=231,7/29/2009,7/22/2009,Steve Rideout,VA,Nottoway County,Blackstone,Sentinel Plot,Cucumber,,75,20,37.0808,-77.9986,Visual; After Incubation,no longer found
http://www.nc-climate.ncsu.edu/cucurbit/moderate/viewreport.php?id=256,8/5/2009,8/2/2009,Steve Rideout,VA,Accomack County,,Sentinel Plot,"Acorn squash, Yellow/Summer squash, Cantaloupe",,20,5,37.7063,-75.8069,Visual; After Incubation,no longer found
http://www.nc-climate.ncsu.edu/cucurbit/moderate/viewreport.php?id=257,8/5/2009,8/2/2009,Steve Rideout,VA,Suffolk County,,Sentinel Plot,"Acorn squash, Yellow/Summer squash, Butternut squash, Giant pumpkin",,10,2,36.6645,-76.5951,Visual; After Incubation,no longer found
http://www.nc-climate.ncsu.edu/cucurbit/moderate/viewreport.php?id=295,8/12/2009,8/10/2009,Steve Rideout,VA,Suffolk County,,Sentinel Plot,"Acorn squash, Yellow/Summer squash, Butternut squash",,5,2,36.6645,-76.5951,Visual; After Incubation,no longer found
http://www.nc-climate.ncsu.edu/cucurbit/moderate/viewreport.php?id=379,9/1/2009,8/24/2009,Steve Rideout,VA,Louisa County,,Home Garden,"Butternut squash, Cucumber, Giant pumpkin",,25,10,37.9926,-77.9739,Visual; After Incubation,no longer found
http://www.nc-climate.ncsu.edu/cucurbit/moderate/viewreport.php?id=376,9/1/2009,8/27/2009,Steve Rideout,VA,Suffolk County,,Sentinel Plot,Watermelon,,25,10,36.6645,-76.5951,Visual; After Incubation,no longer found
http://www.nc-climate.ncsu.edu/cucurbit/moderate/viewreport.php?id=377,9/1/2009,8/28/2009,Steve Rideout,VA,Southampton County,Courtland,Commercial Field,Watermelon,,10,5,36.7123,-77.0656,Visual; After Incubation,no longer found
http://www.nc-climate.ncsu.edu/cucurbit/moderate/viewreport.php?id=378,9/1/2009,9/1/2009,Steve Rideout,VA,Accomack County,Painter,Sentinel Plot,"Butternut squash, Giant pumpkin, Watermelon",,5,2,37.5859,-75.785,Visual; After Incubation,no longer found
http://www.nc-climate.ncsu.edu/cucurbit/moderate/viewreport.php?id=404,9/11/2009,9/6/2009,Steve Rideout,VA,Augusta County,,Commercial Field,Giant pumpkin,,25,10,38.2005,-79.2451,Visual; After Incubation,no longer found
http://www.nc-climate.ncsu.edu/cucurbit/moderate/viewreport.php?id=405,9/11/2009,9/6/2009,Steve Rideout,VA,Nottoway County,Blackstone,Sentinel Plot,"Acorn squash, Yellow/Summer squash, Butternut squash, Cantaloupe, Watermelon",,25,10,37.0808,-77.9986,Visual; No Incubation,no longer found
http://www.nc-climate.ncsu.edu/cucurbit/moderate/viewreport.php?id=242,7/31/2009,7/31/2009,Alyson Thornton,WI,Columbia County,East Bristol,Research Plot,Cucumber,,60,10,43.2682,-89.1518,Dissecting Microscope; No Incubation,no longer found
http://www.nc-climate.ncsu.edu/cucurbit/moderate/viewreport.php?id=243,7/31/2009,7/31/2009,Alyson Thornton,WI,Columbia County,Leeds,Research Plot,Cucumber,,60,10,43.3102,-89.3255,Dissecting Microscope; No Incubation,no longer found
http://www.nc-climate.ncsu.edu/cucurbit/moderate/viewreport.php?id=304,8/14/2009,8/10/2009,Alyson Thornton,WI,Dane County,East Bristol,Research Plot,Cucumber,,80,50,43.2682,-89.1518,Light Microscope; Before Incubation,no longer found
http://www.nc-climate.ncsu.edu/cucurbit/moderate/viewreport.php?id=319,8/18/2009,8/13/2009,Alyson Thornton,WI,Portage County,Bancroft,Commercial Field,Cucumber,,5,5,44.3096,-89.5139,Dissecting Microscope; No Incubation,no longer found
http://www.nc-climate.ncsu.edu/cucurbit/moderate/viewreport.php?id=324,8/18/2009,8/14/2009,Alyson Thornton,WI,Columbia County,Rio,Home Garden,"Cantaloupe, Cucumber",,70,30,43.4424,-89.2383,Light Microscope; Before Incubation,no longer found
http://www.nc-climate.ncsu.edu/cucurbit/moderate/viewreport.php?id=328,8/19/2009,8/13/2009,Alyson Thornton,WI,Columbia County,Rio,Home Garden,"Acorn squash, Yellow/Summer squash",,70,30,43.4424,-89.2383,Dissecting Microscope; No Incubation,no longer found
http://www.nc-climate.ncsu.edu/cucurbit/moderate/viewreport.php?id=353,8/24/2009,8/18/2009,Alyson Thornton,WI,Waushara County,Plainfield,Commercial Field,Cucumber,,80,30,44.2137,-89.4948,Hand lens - field identification,no longer found
http://www.nc-climate.ncsu.edu/cucurbit/moderate/viewreport.php?id=352,8/24/2009,8/22/2009,Alyson Thornton,WI,Dane County,East Bristol,Sentinel Plot,"Cantaloupe, Cucumber",,80,50,43.2682,-89.1518,Dissecting Microscope; No Incubation,no longer found
http://www.nc-climate.ncsu.edu/cucurbit/moderate/viewreport.php?id=384,9/2/2009,8/25/2009,Amanda Gevens,WI,Brown County,Green Bay,Commercial Field,Cucumber,,40,75,44.516,-88.0079,Visual; After Incubation,no longer found
