Web_view,Report_date,Symptom_date,Reporter,State,County,Nearest_landmark,Planting_type,Host,Host_other,%Incidence,%Leaf_area,Latitude,Longitude,Verification_method,Presence
http://www.nc-climate.ncsu.edu/cucurbit/moderate/viewreport.php?id=113,7/29/2010,7/14/2010,edward sikora,AL,Escambia,Brewton,Sentinel Plot,"Acorn squash, Yellow/Summer squash, Cucumber",,100,50,31.1052,-87.0722,Visual; After Incubation,no longer found
http://www.nc-climate.ncsu.edu/cucurbit/moderate/viewreport.php?id=65,7/9/2010,7/1/2010,Edward sikora,AL,geneva County,hacoda,Commercial Field,Cucumber,,100,15,31.0749,-86.1663,Light Microscope; After Incubation,no longer found
http://www.nc-climate.ncsu.edu/cucurbit/moderate/viewreport.php?id=76,7/15/2010,7/10/2010,edward sikora,AL,Lee County,Auburn,Home Garden,Cucumber,,5,1,32.6099,-85.4808,Light Microscope; Before Incubation,no longer found
http://www.nc-climate.ncsu.edu/cucurbit/moderate/viewreport.php?id=199,9/10/2010,8/7/2010,W. Britton for E. Sikora,AL,Lee County,Auburn,Sentinel Plot,Cucumber,,10,10,32.6099,-85.4808,Light Microscope; Before Incubation,no longer found
http://www.nc-climate.ncsu.edu/cucurbit/moderate/viewreport.php?id=198,9/10/2010,9/1/2010,sikora,AL,macon County,milstead,Research Plot,Cucumber,,2,,32.4426,-85.8975,Visual; No Incubation,no longer found
http://www.nc-climate.ncsu.edu/cucurbit/moderate/viewreport.php?id=197,9/10/2010,9/7/2010,sikora,AL,pickens County,aliceville,Home Garden,Cucumber,,100,1,33.1296,-88.1514,Visual; After Incubation,no longer found
http://www.nc-climate.ncsu.edu/cucurbit/moderate/viewreport.php?id=232,9/30/2010,9/10/2010,Steven Koike,CA,Monterey County,Salinas,Research Plot,Cucumber,,100,50,36.6777,-121.656,Dissecting Microscope; No Incubation,yes
http://www.nc-climate.ncsu.edu/cucurbit/moderate/viewreport.php?id=233,10/7/2010,9/15/2010,Steven Koike,CA,Sacramento County,,Commercial Field,Cucumber,,75,10,38.5816,-121.494,Dissecting Microscope; No Incubation,yes
http://www.nc-climate.ncsu.edu/cucurbit/moderate/viewreport.php?id=195,9/8/2010,8/28/2010,Gerald Holmes,CA,San Joaquin County,Stockton,Commercial Field,Cucumber,,5,<1,37.8906,-121.406,Hand lens - field identification,yes
http://www.nc-climate.ncsu.edu/cucurbit/moderate/viewreport.php?id=164,8/17/2010,7/30/2010,Steven Koike,CA,Santa Clara County,Gilroy,Commercial Field,Cucumber,,30,10,37.0058,-121.568,Dissecting Microscope; No Incubation,yes
http://www.nc-climate.ncsu.edu/cucurbit/moderate/viewreport.php?id=166,8/18/2010,8/4/2010,Steven Koike,CA,Santa Cruz County,Watsonville,Commercial Field,Cucumber,,100,75,36.9102,-121.757,Dissecting Microscope; No Incubation,yes
http://www.nc-climate.ncsu.edu/cucurbit/moderate/viewreport.php?id=181,8/30/2010,8/23/2010,Steven Koike,CA,Santa Cruz County,Watsonville,Sentinel Plot,Cucumber,,100,25,36.9102,-121.757,Dissecting Microscope; No Incubation,yes
http://www.nc-climate.ncsu.edu/cucurbit/moderate/viewreport.php?id=167,8/19/2010,8/19/2010,Tony Sandoval,CA,Yolo County,,Commercial Field,Cucumber,,5,5,38.7646,-121.902,Hand lens - field identification,yes
http://www.nc-climate.ncsu.edu/cucurbit/moderate/viewreport.php?id=110,7/26/2010,7/20/2010,Bob Mulrooney,DE,Kent County,Milford,Commercial Field,Cucumber,,10,20,38.9126,-75.428,Visual; No Incubation,no longer found
http://www.nc-climate.ncsu.edu/cucurbit/moderate/viewreport.php?id=165,8/18/2010,7/17/2010,Bob Mulrooney,DE,Kent County,Frederica,Commercial Field,Cucumber,,10,5,39.009,-75.4658,Visual; No Incubation,no longer found
http://www.nc-climate.ncsu.edu/cucurbit/moderate/viewreport.php?id=119,7/30/2010,7/29/2010,Bob Mulrooney,DE,New Castle County,Newark,Sentinel Plot,Cucumber,,10,5,39.6837,-75.7497,Dissecting Microscope; No Incubation,no longer found
http://www.nc-climate.ncsu.edu/cucurbit/moderate/viewreport.php?id=107,7/26/2010,7/13/2010,Bob Mulrooney,DE,Sussex County,Bridgeville,Commercial Field,Cucumber,,20,20,38.7426,-75.6044,Visual; No Incubation,no longer found
http://www.nc-climate.ncsu.edu/cucurbit/moderate/viewreport.php?id=92,7/21/2010,7/16/2010,Emmalea Ernest,DE,Sussex County,Ellendale,Home Garden,Cucumber,,100,10,38.8071,-75.4227,Visual; No Incubation,no longer found
http://www.nc-climate.ncsu.edu/cucurbit/moderate/viewreport.php?id=61,7/9/2010,7/7/2010,Bob Mulrooney,DE,Sussex County,Georgetown,Sentinel Plot,Cucumber,,0.5,5,38.638,-75.4556,Visual; After Incubation,no longer found
http://www.nc-climate.ncsu.edu/cucurbit/moderate/viewreport.php?id=172,8/23/2010,8/16/2010,Bob Mulrooney,DE,Sussex County,Georgetown,Sentinel Plot,Cantaloupe,,10,5,38.6365,-75.4548,Light Microscope; After Incubation,no longer found
http://www.nc-climate.ncsu.edu/cucurbit/moderate/viewreport.php?id=10,5/13/2010,3/24/2010,W. Britton,FL,Alachua County,Gainesville,Sentinel Plot,"Acorn squash, Yellow/Summer squash, Butternut squash, Cantaloupe, Cucumber, Giant pumpkin, Watermelon",,0,0,29.6516,-82.3248,Visual; After Incubation,"scouted, not found"
http://www.nc-climate.ncsu.edu/cucurbit/moderate/viewreport.php?id=16,5/28/2010,5/19/2010,W. Britton for C. Semer,FL,Alachua County,Gainesville,Sentinel Plot,"Acorn squash, Yellow/Summer squash, Butternut squash, Cantaloupe, Cucumber, Giant pumpkin",,100,90,29.6516,-82.3248,Light Microscope; Before Incubation,no longer found
http://www.nc-climate.ncsu.edu/cucurbit/moderate/viewreport.php?id=9,5/11/2010,5/4/2010,W. Britton for P. Roberts,FL,Collier County,Immokalee,Research Plot,"Acorn squash, Yellow/Summer squash",,50,10,26.4187,-81.4173,Dissecting Microscope; No Incubation,no longer found
http://www.nc-climate.ncsu.edu/cucurbit/moderate/viewreport.php?id=18,6/3/2010,6/2/2010,Stephen M. Olson,FL,Gadsden County,Quincy,Sentinel Plot,"Butternut squash, Cucumber",,70,10,30.542,-84.5872,Light Microscope; Before Incubation,no longer found
http://www.nc-climate.ncsu.edu/cucurbit/moderate/viewreport.php?id=7,5/7/2010,5/7/2010,W. Britton for G. Vallad,FL,Hillsborough County,Wimauma,Sentinel Plot,Cucumber,,10,1,27.7125,-82.299,Dissecting Microscope; No Incubation,no longer found
http://www.nc-climate.ncsu.edu/cucurbit/moderate/viewreport.php?id=14,5/27/2010,5/21/2010,W.Britton for G. Vallad,FL,Hillsborough County,Wimauma,Sentinel Plot,"Acorn squash, Yellow/Summer squash, Butternut squash, Cantaloupe, Watermelon",,45,35,27.7125,-82.299,Light Microscope; Before Incubation,no longer found
http://www.nc-climate.ncsu.edu/cucurbit/moderate/viewreport.php?id=249,10/18/2010,10/1/2010,W. Britton,FL,Lee County,,Commercial Field,"Acorn squash, Yellow/Summer squash, Cucumber",,<5,<5,26.663,-81.9535,Visual; No Incubation,yes
http://www.nc-climate.ncsu.edu/cucurbit/moderate/viewreport.php?id=238,10/12/2010,9/27/2010,W. Britton for G. Vallad,FL,Manatee County,Parrish,Commercial Field,Cucumber,,",5",5,27.5875,-82.4251,Visual; After Incubation,yes
http://www.nc-climate.ncsu.edu/cucurbit/moderate/viewreport.php?id=235,10/11/2010,10/1/2010,W. Britton for G. Vallad,FL,Manatee County,Uimauma,Research Plot,Cucumber,,",5",5,27.7125,-82.299,Hand lens - field identification,yes
http://www.nc-climate.ncsu.edu/cucurbit/moderate/viewreport.php?id=5,4/26/2010,4/26/2010,Zelalem Mersha,FL,Miami-Dade,Homestead,Sentinel Plot,Butternut squash,,75,10,25.4687,-80.4776,Light Microscope; After Incubation,no longer found
http://www.nc-climate.ncsu.edu/cucurbit/moderate/viewreport.php?id=20,6/4/2010,6/4/2010,Zelalem Mersha,FL,Miami-Dade,Homestead,Sentinel Plot,Watermelon,,0,0,25.7606,-80.8692,Visual; After Incubation,no longer found
http://www.nc-climate.ncsu.edu/cucurbit/moderate/viewreport.php?id=2,3/24/2010,3/20/2010,Shouan Zhang,FL,Miami-Dade County,Homestead,Commercial Field,"Acorn squash, Yellow/Summer squash",,10,5,25.4687,-80.4776,Light Microscope; Before Incubation,no longer found
http://www.nc-climate.ncsu.edu/cucurbit/moderate/viewreport.php?id=4,4/15/2010,4/10/2010,Shouan Zhang,FL,Miami-Dade County,Homestead,Research Plot,"Acorn squash, Yellow/Summer squash",,80,10,25.4687,-80.4776,Light Microscope; Before Incubation,no longer found
http://www.nc-climate.ncsu.edu/cucurbit/moderate/viewreport.php?id=251,10/25/2010,10/25/2010,Shouan Zhang,FL,Miami-Dade County,Homestead,Research Plot,,squash cv Enterprise,<1,<1,25.4687,-80.4776,Visual; No Incubation,yes
http://www.nc-climate.ncsu.edu/cucurbit/moderate/viewreport.php?id=3,4/15/2010,4/15/2010,Shouan Zhang,FL,Miami-Dade County,Homestead,Sentinel Plot,Cucumber,,5,1,25.4687,-80.4776,Light Microscope; Before Incubation,no longer found
http://www.nc-climate.ncsu.edu/cucurbit/moderate/viewreport.php?id=6,5/3/2010,5/3/2010,Zelalem Mersha,FL,Miami-dade County,Homestead,Sentinel Plot,"Cantaloupe, Giant pumpkin",,0,0,25.4687,-80.4776,Light Microscope; After Incubation,no longer found
http://www.nc-climate.ncsu.edu/cucurbit/moderate/viewreport.php?id=8,5/11/2010,5/10/2010,Zelalem Mersha,FL,Miami-Dade County,Homestead,Sentinel Plot,"Acorn squash, Yellow/Summer squash",,0,0,25.4687,-80.4776,Light Microscope; After Incubation,no longer found
http://www.nc-climate.ncsu.edu/cucurbit/moderate/viewreport.php?id=248,10/18/2010,10/1/2010,W. Britton,FL,Palm Beach County,,Commercial Field,"Acorn squash, Yellow/Summer squash, Cucumber",,<10,<10,26.6515,-80.2767,Visual; No Incubation,yes
http://www.nc-climate.ncsu.edu/cucurbit/moderate/viewreport.php?id=11,5/17/2010,5/14/2010,David Langston,GA,Brooks County,"Quitman, GA",Commercial Field,Cucumber,,20,20,30.7849,-83.5599,Light Microscope; Before Incubation,yes
http://www.nc-climate.ncsu.edu/cucurbit/moderate/viewreport.php?id=236,10/11/2010,9/10/2010,David Langston,GA,Tift County,Tift,Commercial Field,"Acorn squash, Yellow/Summer squash, Butternut squash, Cucumber, Watermelon",,20,20,31.4206,-83.5497,Visual; No Incubation,yes
http://www.nc-climate.ncsu.edu/cucurbit/moderate/viewreport.php?id=26,6/16/2010,6/8/2010,Nathan J Tyson,GA,Tift County,Tifton,Research Plot,Cantaloupe,,100,60,31.4505,-83.5085,Light Microscope; Before Incubation,yes
http://www.nc-climate.ncsu.edu/cucurbit/moderate/viewreport.php?id=214,9/17/2010,9/12/2010,David Langston,GA,Tift County,Tifton,Research Plot,"Cucumber, Watermelon",,10,10,31.4505,-83.5085,Light Microscope; Before Incubation,yes
http://www.nc-climate.ncsu.edu/cucurbit/moderate/viewreport.php?id=17,6/1/2010,5/28/2010,Nathan Tyson,GA,Tift County,Tifton,Sentinel Plot,Cucumber,,10,15,31.4505,-83.5085,Light Microscope; Before Incubation,yes
http://www.nc-climate.ncsu.edu/cucurbit/moderate/viewreport.php?id=218,9/17/2010,9/12/2010,David Langston,GA,Toombs County,Lyons,Research Plot,Watermelon,,5,,32.2044,-82.3218,Light Microscope; Before Incubation,yes
http://www.nc-climate.ncsu.edu/cucurbit/moderate/viewreport.php?id=23,6/14/2010,6/1/2010,Nathan Tyson,GA,Toombs County,Lyons,Sentinel Plot,Cucumber,,100,5,32.2044,-82.3218,Visual; No Incubation,yes
http://www.nc-climate.ncsu.edu/cucurbit/moderate/viewreport.php?id=129,8/3/2010,7/30/2010,David Langston,GA,Union County,Blairsville,Sentinel Plot,"Cucumber, Giant pumpkin",,2,10,34.8762,-83.9582,Visual; No Incubation,yes
http://www.nc-climate.ncsu.edu/cucurbit/moderate/viewreport.php?id=173,8/25/2010,8/23/2010,W. Britton for M. Babadoost,IL,Tazewell County,,Commercial Field,Giant pumpkin,processing pumpkin C. moschata,100,10,40.5522,-89.4742,Light Microscope; Before Incubation,yes
http://www.nc-climate.ncsu.edu/cucurbit/moderate/viewreport.php?id=188,9/7/2010,8/30/2010,dan Egel,IN,knox County,Vincennes,Sentinel Plot,Cucumber,,0.1,0.1,38.6773,-87.5286,Visual; No Incubation,no longer found
http://www.nc-climate.ncsu.edu/cucurbit/moderate/viewreport.php?id=136,8/6/2010,8/1/2010,Dan Egel,IN,La Porte County,Wanatah,Sentinel Plot,Cucumber,,2,1,41.4306,-86.8984,Dissecting Microscope; No Incubation,no longer found
http://www.nc-climate.ncsu.edu/cucurbit/moderate/viewreport.php?id=189,9/7/2010,8/20/2010,dan Egel,IN,La Porte County,wanatah,Sentinel Plot,"Cantaloupe, Giant pumpkin",,0.1,0.1,41.4306,-86.8984,Dissecting Microscope; After Incubation,no longer found
http://www.nc-climate.ncsu.edu/cucurbit/moderate/viewreport.php?id=211,9/15/2010,9/5/2010,Kenny Seebold,KY,Breathitt County,Jackson,Sentinel Plot,Butternut squash,,30,25,37.5531,-83.3835,Hand lens - field identification,yes
http://www.nc-climate.ncsu.edu/cucurbit/moderate/viewreport.php?id=222,9/22/2010,9/15/2010,Kenny Seebold,KY,Daviess County,Owensboro,Commercial Field,"Acorn squash, Yellow/Summer squash, Pumpkin, jack-o-lantern type",,40,15,37.7742,-87.1133,Light Microscope; Before Incubation,yes
http://www.nc-climate.ncsu.edu/cucurbit/moderate/viewreport.php?id=183,9/2/2010,8/12/2010,Kenny Seebold,KY,Harrison County,Cynthiana,Commercial Field,Cucumber,,80,15,38.3904,-84.2941,Light Microscope; Before Incubation,yes
http://www.nc-climate.ncsu.edu/cucurbit/moderate/viewreport.php?id=224,9/23/2010,9/15/2010,Don Ferrin,LA,Tangipahoa County,Husser,Commercial Field,Butternut squash,,0.1,50,30.6943,-90.33,Dissecting Microscope; No Incubation,yes
http://www.nc-climate.ncsu.edu/cucurbit/moderate/viewreport.php?id=180,8/30/2010,8/25/2010,M Bess Dicklow,MA,Franklin County,Deerfield,Commercial Field,,Kabocha squash,50,25,42.5445,-72.6056,Light Microscope; After Incubation,no longer found
http://www.nc-climate.ncsu.edu/cucurbit/moderate/viewreport.php?id=145,8/10/2010,8/3/2010,M Bess Dicklow,MA,Norfolk County,Wrentham,Commercial Field,Cucumber,,10,75,42.0334,-71.1911,Light Microscope; Before Incubation,no longer found
http://www.nc-climate.ncsu.edu/cucurbit/moderate/viewreport.php?id=39,7/2/2010,7/1/2010,Kate Everts,MD,Caroline County,Denton,Commercial Field,Cucumber,,0.1,0.1,38.8846,-75.8272,Light Microscope; After Incubation,no longer found
http://www.nc-climate.ncsu.edu/cucurbit/moderate/viewreport.php?id=90,7/21/2010,7/22/2010,Kate Everts,MD,Wicomico County,Salisbury,Sentinel Plot,Cucumber,,4,0.01,38.3607,-75.5994,Light Microscope; Before Incubation,no longer found
http://www.nc-climate.ncsu.edu/cucurbit/moderate/viewreport.php?id=160,8/17/2010,8/17/2010,Kate Everts,MD,Wicomico County,Salisbury,Sentinel Plot,Giant pumpkin,,10,0.01,38.3607,-75.5994,Light Microscope; Before Incubation,no longer found
http://www.nc-climate.ncsu.edu/cucurbit/moderate/viewreport.php?id=161,8/17/2010,8/14/2010,Kate Everts,MD,Wicomico County,Salisbury,Sentinel Plot,Cantaloupe,,100,0.01,38.3607,-75.5994,Light Microscope; Before Incubation,no longer found
http://www.nc-climate.ncsu.edu/cucurbit/moderate/viewreport.php?id=139,8/9/2010,8/9/2010,Jarrod Morrice,MI,Allegan County,Dorr,Commercial Field,Cucumber,,,30,42.7253,-85.7225,Light Microscope; Before Incubation,no longer found
http://www.nc-climate.ncsu.edu/cucurbit/moderate/viewreport.php?id=51,7/8/2010,7/6/2010,Jarrod Morrice,MI,Arenac County,,Commercial Field,Cucumber,,0,0,43.9973,-83.6774,Visual; After Incubation,no longer found
http://www.nc-climate.ncsu.edu/cucurbit/moderate/viewreport.php?id=144,8/9/2010,8/7/2010,Shannon Matthes,MI,Barry County,Middleville,Home Garden,Cucumber,,100,80,42.7131,-85.462,Visual; No Incubation,no longer found
http://www.nc-climate.ncsu.edu/cucurbit/moderate/viewreport.php?id=46,7/7/2010,7/5/2010,Jarrod Morrice,MI,Bay County,Auburn,Commercial Field,Cucumber,,0,10,43.6034,-84.0697,Light Microscope; Before Incubation,no longer found
http://www.nc-climate.ncsu.edu/cucurbit/moderate/viewreport.php?id=123,8/3/2010,8/2/2010,Jarrod Morrice,MI,Berrien County,Benton Harbor,Research Plot,Cucumber,,<5,5,42.1167,-86.4542,Visual; No Incubation,no longer found
http://www.nc-climate.ncsu.edu/cucurbit/moderate/viewreport.php?id=146,8/12/2010,8/11/2010,Jarrod Morrice,MI,Cass County,Silver Creek Township,Commercial Field,Cucumber,,,,42.0275,-86.1753,Visual; No Incubation,no longer found
http://www.nc-climate.ncsu.edu/cucurbit/moderate/viewreport.php?id=140,8/9/2010,8/9/2010,Jarrod Morrice,MI,Clinton County,,Commercial Field,Cucumber,,,,42.9663,-84.5222,Light Microscope; Before Incubation,no longer found
http://www.nc-climate.ncsu.edu/cucurbit/moderate/viewreport.php?id=103,7/23/2010,7/23/2010,Jarrod Morrice,MI,Clinton County,Bath,Research Plot,Cucumber,,<5,5,42.8186,-84.4486,Visual; No Incubation,no longer found
http://www.nc-climate.ncsu.edu/cucurbit/moderate/viewreport.php?id=174,8/25/2010,8/25/2010,Jarrod Morrice,MI,Huron County,Pigeon,Home Garden,Cucumber,,90,70,43.83,-83.27,Light Microscope; Before Incubation,no longer found
http://www.nc-climate.ncsu.edu/cucurbit/moderate/viewreport.php?id=87,7/20/2010,7/19/2010,Jarrod Morrice,MI,Ingham County,East Lansing,Sentinel Plot,Cucumber,,0,0,42.737,-84.4839,Light Microscope; Before Incubation,no longer found
http://www.nc-climate.ncsu.edu/cucurbit/moderate/viewreport.php?id=127,8/3/2010,8/2/2010,Jarrod Morrice,MI,Ingham County,East Lansing,Sentinel Plot,Cantaloupe,,100,30,42.737,-84.4839,Light Microscope; Before Incubation,no longer found
http://www.nc-climate.ncsu.edu/cucurbit/moderate/viewreport.php?id=147,8/12/2010,8/11/2010,Jarrod Morrice,MI,Ionia County,Mulliken,Commercial Field,Cucumber,,,,42.7623,-84.8964,Visual; No Incubation,no longer found
http://www.nc-climate.ncsu.edu/cucurbit/moderate/viewreport.php?id=111,7/28/2010,7/28/2010,Jarrod Morrice,MI,Jackson County,Springport,Home Garden,Cucumber,,<5,5,42.3784,-84.6986,Visual; No Incubation,no longer found
http://www.nc-climate.ncsu.edu/cucurbit/moderate/viewreport.php?id=97,7/22/2010,7/21/2010,Jarrod Morrice,MI,Kent County,,Home Garden,Cucumber,,0,0,43.0097,-85.52,Visual; No Incubation,no longer found
http://www.nc-climate.ncsu.edu/cucurbit/moderate/viewreport.php?id=159,8/17/2010,8/16/2010,Jarrod Morrice,MI,Lapeer County,,Home Garden,Cucumber,,,35,43.0482,-83.1649,Visual; No Incubation,no longer found
http://www.nc-climate.ncsu.edu/cucurbit/moderate/viewreport.php?id=138,8/7/2010,7/28/2010,Linda Grigg,MI,Leelanau County,Maple City,Commercial Field,Cucumber,,100,75,44.8556,-85.8559,Visual; No Incubation,no longer found
http://www.nc-climate.ncsu.edu/cucurbit/moderate/viewreport.php?id=149,8/13/2010,8/13/2010,Jarrod Morrice,MI,Leelanau County,Maple City,Home Garden,Cantaloupe,,100,40,44.8556,-85.8559,Light Microscope; Before Incubation,no longer found
http://www.nc-climate.ncsu.edu/cucurbit/moderate/viewreport.php?id=53,7/8/2010,7/7/2010,Jarrod Morrice,MI,Macomb County,,Commercial Field,Cucumber,,1,100,42.7169,-82.821,Visual; After Incubation,no longer found
http://www.nc-climate.ncsu.edu/cucurbit/moderate/viewreport.php?id=49,7/8/2010,7/8/2010,Jarrod Morrice,MI,Midland County,,Commercial Field,Cucumber,,0,0,43.5751,-84.3542,Visual; After Incubation,no longer found
http://www.nc-climate.ncsu.edu/cucurbit/moderate/viewreport.php?id=170,8/23/2010,8/20/2010,Jarrod Morrice,MI,Montcalm County,Douglas Township,Commercial Field,Cucumber,,,,42.3073,-83.4397,Light Microscope; Before Incubation,no longer found
http://www.nc-climate.ncsu.edu/cucurbit/moderate/viewreport.php?id=98,7/22/2010,7/21/2010,Jarrod Morrice,MI,Muskegon County,Ravenna,Commercial Field,Cucumber,,<5,5,43.1895,-85.937,Visual; No Incubation,no longer found
http://www.nc-climate.ncsu.edu/cucurbit/moderate/viewreport.php?id=132,8/4/2010,8/4/2010,Jarrod Morrice,MI,Oakland County,Rochester,Commercial Field,Cucumber,,,,42.6806,-83.1338,Visual; No Incubation,no longer found
http://www.nc-climate.ncsu.edu/cucurbit/moderate/viewreport.php?id=135,8/5/2010,8/4/2010,Jarrod Morrice,MI,Oceana County,Hart,Commercial Field,Cucumber,,100,50,43.6983,-86.364,Visual; No Incubation,no longer found
http://www.nc-climate.ncsu.edu/cucurbit/moderate/viewreport.php?id=121,8/1/2010,7/30/2010,Jarrod Morrice,MI,Ottawa County,,Commercial Field,Cucumber,,,,42.953,-86.0937,Visual; No Incubation,no longer found
http://www.nc-climate.ncsu.edu/cucurbit/moderate/viewreport.php?id=52,7/8/2010,7/6/2010,Jarrod Morrice,MI,Saginaw County,,Commercial Field,Cucumber,,0,0,43.4044,-84.0167,Visual; After Incubation,no longer found
http://www.nc-climate.ncsu.edu/cucurbit/moderate/viewreport.php?id=71,7/13/2010,7/12/2010,Jarrod Morrice,MI,Saginaw County,Frankenmuth,Research Plot,Cucumber,,0,0,43.3317,-83.738,Light Microscope; Before Incubation,no longer found
http://www.nc-climate.ncsu.edu/cucurbit/moderate/viewreport.php?id=79,7/16/2010,7/15/2010,Jarrod Morrice,MI,Saginaw County,Frankenmuth,Sentinel Plot,Cucumber,,10,15,43.3317,-83.738,Light Microscope; Before Incubation,no longer found
http://www.nc-climate.ncsu.edu/cucurbit/moderate/viewreport.php?id=124,8/3/2010,8/2/2010,Jarrod Morrice,MI,Saginaw County,Frankenmuth,Sentinel Plot,Watermelon,,<5,5,43.3317,-83.738,Light Microscope; Before Incubation,no longer found
http://www.nc-climate.ncsu.edu/cucurbit/moderate/viewreport.php?id=125,8/3/2010,8/2/2010,Jarrod Morrice,MI,Saginaw County,Frankenmuth,Sentinel Plot,Cantaloupe,,100,40,43.3317,-83.738,Light Microscope; Before Incubation,no longer found
http://www.nc-climate.ncsu.edu/cucurbit/moderate/viewreport.php?id=126,8/3/2010,8/2/2010,Jarrod Morrice,MI,Saginaw County,Frankenmuth,Sentinel Plot,"Acorn squash, Yellow/Summer squash",,<5,<5,43.3317,-83.738,Light Microscope; Before Incubation,no longer found
http://www.nc-climate.ncsu.edu/cucurbit/moderate/viewreport.php?id=177,8/25/2010,8/16/2010,Jarrod Morrice,MI,Saginaw County,Frankenmuth,Sentinel Plot,Giant pumpkin,,,,43.3317,-83.738,Light Microscope; After Incubation,no longer found
http://www.nc-climate.ncsu.edu/cucurbit/moderate/viewreport.php?id=171,8/23/2010,8/21/2010,Jarrod Morrice,MI,Shiawassee County,Owosso,Home Garden,Cucumber,,100,45,42.9498,-84.1857,Visual; No Incubation,no longer found
http://www.nc-climate.ncsu.edu/cucurbit/moderate/viewreport.php?id=104,7/23/2010,7/23/2010,Jarrod Morrice,MI,St. Clair County,Capac,Commercial Field,Cucumber,,,,43.0126,-82.9345,Visual; No Incubation,no longer found
http://www.nc-climate.ncsu.edu/cucurbit/moderate/viewreport.php?id=50,7/8/2010,7/8/2010,Jarrod Morrice,MI,Tuscola County,,Commercial Field,Cucumber,,0,0,43.5301,-83.507,Visual; After Incubation,no longer found
http://www.nc-climate.ncsu.edu/cucurbit/moderate/viewreport.php?id=234,10/8/2010,8/20/2010,W. Britton for Michelle Grabowski,MN,Ramsey County,St. Paul,Research Plot,Cucumber,,100,70,44.9442,-93.0861,Dissecting Microscope; After Incubation,no longer found
http://www.nc-climate.ncsu.edu/cucurbit/moderate/viewreport.php?id=239,10/12/2010,10/11/2010,David Ingram,MS,Copiah County,Cyrstal Springs,Home Garden,"Acorn squash, Yellow/Summer squash, Pumpkin, jack-o-lantern type",,5,10,31.9874,-90.357,Light Microscope; Before Incubation,yes
http://www.nc-climate.ncsu.edu/cucurbit/moderate/viewreport.php?id=216,9/17/2010,8/1/2010,Susan Colucci,NC,Buncombe County,Leicester,Commercial Field,"Acorn squash, Yellow/Summer squash, Cucumber",,100,45,35.6551,-82.6962,Visual; No Incubation,yes
http://www.nc-climate.ncsu.edu/cucurbit/moderate/viewreport.php?id=217,9/17/2010,8/15/2010,Susan Colucci,NC,Buncombe County,Asheville,Commercial Field,"Acorn squash, Yellow/Summer squash, Butternut squash",,100,35,35.6009,-82.554,Hand lens - field identification,yes
http://www.nc-climate.ncsu.edu/cucurbit/moderate/viewreport.php?id=13,5/26/2010,5/23/2010,W. Britton,NC,Columbus County,Tabor City,Commercial Field,Cucumber,,1,45,34.1488,-78.8767,Light Microscope; After Incubation,yes
http://www.nc-climate.ncsu.edu/cucurbit/moderate/viewreport.php?id=19,6/4/2010,5/28/2010,Allan Thornton,NC,Duplin County,Albertson,Commercial Field,Cucumber,,10,15,35.1142,-77.8192,Hand lens - field identification,yes
http://www.nc-climate.ncsu.edu/cucurbit/moderate/viewreport.php?id=66,7/10/2010,7/7/2010,Susan Colucci,NC,Haywood County,Bethel,Commercial Field,Cucumber,,1,1,35.5005,-82.8743,Hand lens - field identification,yes
http://www.nc-climate.ncsu.edu/cucurbit/moderate/viewreport.php?id=78,7/16/2010,7/12/2010,Mike L. Adams,NC,Haywood County,Waynesville,Sentinel Plot,Cucumber,,50,7,35.4887,-82.9887,Hand lens - field identification,no longer found
http://www.nc-climate.ncsu.edu/cucurbit/moderate/viewreport.php?id=81,7/16/2010,7/12/2010,Mike L. Adams,NC,Haywood County,Waynesville,Sentinel Plot,Cantaloupe,,15,2,35.4887,-82.9887,Hand lens - field identification,no longer found
http://www.nc-climate.ncsu.edu/cucurbit/moderate/viewreport.php?id=116,7/30/2010,7/27/2010,Mike L. Adams,NC,Haywood County,Waynesville,Sentinel Plot,"Butternut squash, Giant pumpkin",,10,2,35.4887,-82.9887,Hand lens - field identification,no longer found
http://www.nc-climate.ncsu.edu/cucurbit/moderate/viewreport.php?id=192,9/8/2010,9/3/2010,Mike L. Adams,NC,Haywood County,Waynesville,Sentinel Plot,"Acorn squash, Yellow/Summer squash, Cucumber",,25,5,35.4887,-82.9887,Hand lens - field identification,yes
http://www.nc-climate.ncsu.edu/cucurbit/moderate/viewreport.php?id=213,9/16/2010,9/11/2010,Mike L. Adams,NC,Haywood County,Waynesville,Sentinel Plot,Cucumber,,10,1,35.4887,-82.9887,Hand lens - field identification,yes
http://www.nc-climate.ncsu.edu/cucurbit/moderate/viewreport.php?id=241,10/14/2010,9/22/2010,Mike L. Adams,NC,Haywood County,Waynesville,Sentinel Plot,"Acorn squash, Yellow/Summer squash, Butternut squash, Cantaloupe, Pumpkin, jack-o-lantern type",,15,3,35.4887,-82.9887,Hand lens - field identification,yes
http://www.nc-climate.ncsu.edu/cucurbit/moderate/viewreport.php?id=56,7/8/2010,7/1/2010,Susan Colucci,NC,Henderson County,Flat Rock,Commercial Field,Cucumber,,75,35,35.2974,-82.4024,Hand lens - field identification,yes
http://www.nc-climate.ncsu.edu/cucurbit/moderate/viewreport.php?id=77,7/16/2010,7/12/2010,Mike L. Adams,NC,Henderson County,Mills River,Sentinel Plot,Cucumber,,15,2,35.3884,-82.5668,Hand lens - field identification,no longer found
http://www.nc-climate.ncsu.edu/cucurbit/moderate/viewreport.php?id=105,7/23/2010,7/18/2010,Mike L. Adams,NC,Henderson County,Mills River,Sentinel Plot,"Cantaloupe, Cucumber",,15,2,35.3884,-82.5668,Hand lens - field identification,no longer found
http://www.nc-climate.ncsu.edu/cucurbit/moderate/viewreport.php?id=115,7/30/2010,7/27/2010,Mike L. Adams,NC,Henderson County,Mills River,Sentinel Plot,Giant pumpkin,,10,1,35.3884,-82.5668,Hand lens - field identification,no longer found
http://www.nc-climate.ncsu.edu/cucurbit/moderate/viewreport.php?id=193,9/8/2010,9/3/2010,Mike L. Adams,NC,Henderson County,Mills River,Sentinel Plot,"Acorn squash, Yellow/Summer squash, Cantaloupe, Cucumber",,20,3,35.3884,-82.5668,Hand lens - field identification,yes
http://www.nc-climate.ncsu.edu/cucurbit/moderate/viewreport.php?id=240,10/14/2010,9/22/2010,Mike L. Adams,NC,Henderson County,Mills River,Sentinel Plot,Giant pumpkin,,25,3,35.3884,-82.5668,Hand lens - field identification,yes
http://www.nc-climate.ncsu.edu/cucurbit/moderate/viewreport.php?id=100,7/22/2010,7/19/2010,Katie Neufeld,NC,Johnston County,Clayton,Research Plot,Cucumber,,50,1,35.6293,-78.5264,Visual; No Incubation,yes
http://www.nc-climate.ncsu.edu/cucurbit/moderate/viewreport.php?id=201,9/13/2010,9/7/2010,Mike L. Adams,NC,Johnston County,Clayton,Research Plot,Cucumber,,1,1,35.6507,-78.4564,Hand lens - field identification,yes
http://www.nc-climate.ncsu.edu/cucurbit/moderate/viewreport.php?id=68,7/12/2010,7/6/2010,Mike L. Adams,NC,Johnston County,Clayton,Sentinel Plot,Cucumber,,25,3,35.6507,-78.4564,Hand lens - field identification,no longer found
http://www.nc-climate.ncsu.edu/cucurbit/moderate/viewreport.php?id=69,7/12/2010,7/7/2010,Mike L. Adams,NC,Johnston County,Clayton,Sentinel Plot,Cucumber,,10,1,35.6507,-78.4564,Hand lens - field identification,no longer found
http://www.nc-climate.ncsu.edu/cucurbit/moderate/viewreport.php?id=131,8/3/2010,7/30/2010,Mike L. Adams,NC,Johnston County,Clayton,Sentinel Plot,Giant pumpkin,,20,3,35.6507,-78.4564,Hand lens - field identification,no longer found
http://www.nc-climate.ncsu.edu/cucurbit/moderate/viewreport.php?id=245,10/14/2010,10/4/2010,Mike L. Adams,NC,Johnston County,Clayton,Sentinel Plot,"Butternut squash, Cucumber",,20,2,35.6507,-78.4564,Hand lens - field identification,yes
http://www.nc-climate.ncsu.edu/cucurbit/moderate/viewreport.php?id=246,10/14/2010,10/11/2010,Mike L. Adams,NC,Johnston County,Clayton,Sentinel Plot,Giant pumpkin,,15,1,35.6507,-78.4564,Hand lens - field identification,yes
http://www.nc-climate.ncsu.edu/cucurbit/moderate/viewreport.php?id=250,10/25/2010,10/18/2010,Mike Adams,NC,Johnston County,Clayton,Sentinel Plot,Cantaloupe,,35,8,35.6507,-78.4564,Hand lens - field identification,yes
http://www.nc-climate.ncsu.edu/cucurbit/moderate/viewreport.php?id=200,9/13/2010,9/6/2010,Mike L. Adams,NC,Lenior County,Kinston,Research Plot,Cucumber,,15,3,35.2627,-77.5816,Hand lens - field identification,yes
http://www.nc-climate.ncsu.edu/cucurbit/moderate/viewreport.php?id=33,6/28/2010,6/23/2010,Mike L. Adams,NC,Lenoir County,Kinston,Research Plot,Cucumber,,1,1,35.2627,-77.5816,Visual; After Incubation,yes
http://www.nc-climate.ncsu.edu/cucurbit/moderate/viewreport.php?id=106,7/23/2010,7/20/2010,Mike L. Adams,NC,Lenoir County,Kinston,Sentinel Plot,Cucumber,,10,1,35.2627,-77.5816,Hand lens - field identification,no longer found
http://www.nc-climate.ncsu.edu/cucurbit/moderate/viewreport.php?id=120,7/31/2010,7/27/2010,Mike L. Adams,NC,Lenoir County,Kinston,Sentinel Plot,Butternut squash,,10,1,35.2627,-77.5816,Hand lens - field identification,no longer found
http://www.nc-climate.ncsu.edu/cucurbit/moderate/viewreport.php?id=228,9/29/2010,9/20/2010,Mike L. Adams,NC,Lenoir County,Kinston,Sentinel Plot,"Cantaloupe, Cucumber",,10,1,35.2627,-77.5816,Hand lens - field identification,yes
http://www.nc-climate.ncsu.edu/cucurbit/moderate/viewreport.php?id=242,10/14/2010,10/1/2010,Mike L. Adams,NC,Lenoir County,Kinston,Sentinel Plot,Butternut squash,,15,2,35.2627,-77.5816,Hand lens - field identification,yes
http://www.nc-climate.ncsu.edu/cucurbit/moderate/viewreport.php?id=252,10/28/2010,10/22/2010,Mike L. Adams,NC,Lenoir County,Kinston,Sentinel Plot,"Acorn squash, Yellow/Summer squash, Giant pumpkin",,30,3,35.2627,-77.5816,Hand lens - field identification,yes
http://www.nc-climate.ncsu.edu/cucurbit/moderate/viewreport.php?id=34,6/28/2010,6/22/2010,Mike L. Adams,NC,New Hanover County,Castle Hayne,Sentinel Plot,Cucumber,,25,5,34.3557,-77.9,Hand lens - field identification,no longer found
http://www.nc-climate.ncsu.edu/cucurbit/moderate/viewreport.php?id=48,7/7/2010,7/3/2010,Mike L. Adams,NC,New Hanover County,Castle Hayne,Sentinel Plot,Cucumber,,10,1,34.3557,-77.9,Hand lens - field identification,no longer found
http://www.nc-climate.ncsu.edu/cucurbit/moderate/viewreport.php?id=72,7/14/2010,7/9/2010,Mike Adams,NC,New Hanover County,Castle Hayne,Sentinel Plot,"Butternut squash, Cantaloupe, Giant pumpkin",,25,3,34.3557,-77.9,Hand lens - field identification,no longer found
http://www.nc-climate.ncsu.edu/cucurbit/moderate/viewreport.php?id=202,9/13/2010,9/4/2010,Mike L. Adams,NC,New Hanover County,Castle Hayne,Sentinel Plot,Cucumber,,30,4,34.3557,-77.9,Hand lens - field identification,yes
http://www.nc-climate.ncsu.edu/cucurbit/moderate/viewreport.php?id=229,9/29/2010,9/21/2010,Mike L. Adams,NC,New Hanover County,Castle Hayne,Sentinel Plot,Cantaloupe,,15,2,34.3557,-77.9,Hand lens - field identification,yes
http://www.nc-climate.ncsu.edu/cucurbit/moderate/viewreport.php?id=32,6/23/2010,6/18/2010,W. Britton,NC,Pender County,Willard,Commercial Field,Cucumber,,17,20,34.6404,-78.1384,Visual; After Incubation,yes
http://www.nc-climate.ncsu.edu/cucurbit/moderate/viewreport.php?id=30,6/21/2010,6/10/2010,Gerald Holmes,NC,Pender County,Hampstead,Home Garden,Cucumber,,80,50,34.4261,-77.7176,Hand lens - field identification,yes
http://www.nc-climate.ncsu.edu/cucurbit/moderate/viewreport.php?id=80,7/16/2010,7/13/2010,W. Britton,NC,Robeson County,Lumberton,Commercial Field,Cucumber,,75,45,34.6182,-79.0086,Visual; After Incubation,yes
http://www.nc-climate.ncsu.edu/cucurbit/moderate/viewreport.php?id=207,9/15/2010,9/10/2010,Mike L. Adams,NC,Rowan County,Salisbury,Sentinel Plot,Cucumber,,15,2,35.671,-80.4742,Hand lens - field identification,yes
http://www.nc-climate.ncsu.edu/cucurbit/moderate/viewreport.php?id=221,9/22/2010,9/18/2010,Mike L. Adams,NC,Rowan County,Salisbury,Sentinel Plot,Cucumber,,10,1,35.671,-80.4742,Hand lens - field identification,yes
http://www.nc-climate.ncsu.edu/cucurbit/moderate/viewreport.php?id=231,9/29/2010,9/24/2010,Mike L. Adams,NC,Rowan County,Salisbury,Sentinel Plot,Cantaloupe,,15,1,35.671,-80.4742,Hand lens - field identification,yes
http://www.nc-climate.ncsu.edu/cucurbit/moderate/viewreport.php?id=244,10/14/2010,10/3/2010,Mike L. Adams,NC,Rowan County,Salisbury,Sentinel Plot,"Butternut squash, Giant pumpkin",,20,2,35.671,-80.4742,Hand lens - field identification,yes
http://www.nc-climate.ncsu.edu/cucurbit/moderate/viewreport.php?id=253,10/28/2010,10/23/2010,Mike L. Adams,NC,Rowan County,Salisbury,Sentinel Plot,"Acorn squash, Yellow/Summer squash",,20,2,35.671,-80.4742,Hand lens - field identification,yes
http://www.nc-climate.ncsu.edu/cucurbit/moderate/viewreport.php?id=206,9/13/2010,9/9/2010,Mike L. Adams,NC,Sampson County,Clinton,Commercial Field,Cucumber,,25,2,34.9979,-78.3233,Visual; No Incubation,yes
http://www.nc-climate.ncsu.edu/cucurbit/moderate/viewreport.php?id=25,6/16/2010,6/13/2010,Mike Adams,NC,Sampson County,Clinton,Research Plot,Cucumber,,0.5,0.5,34.9979,-78.3233,Light Microscope; After Incubation,yes
http://www.nc-climate.ncsu.edu/cucurbit/moderate/viewreport.php?id=101,7/22/2010,7/19/2010,Katie Neufeld,NC,Sampson County,Clinton,Research Plot,Cucumber,,100,3,35.048,-78.2665,Visual; No Incubation,yes
http://www.nc-climate.ncsu.edu/cucurbit/moderate/viewreport.php?id=204,9/13/2010,9/6/2010,Mike L. Adams,NC,Sampson County,Clinton,Research Plot,"Acorn squash, Yellow/Summer squash, Cucumber, Watermelon",,15,5,34.9979,-78.3233,Hand lens - field identification,yes
http://www.nc-climate.ncsu.edu/cucurbit/moderate/viewreport.php?id=28,6/18/2010,6/18/2010,Katie,NC,Sampson County,Clinton,Sentinel Plot,Cucumber,,1,1,34.9979,-78.3233,Visual; No Incubation,no longer found
http://www.nc-climate.ncsu.edu/cucurbit/moderate/viewreport.php?id=38,7/1/2010,6/27/2010,Mike L. Adams,NC,Sampson County,Clinton,Sentinel Plot,Cucumber,,10,1,34.9979,-78.3233,Hand lens - field identification,no longer found
http://www.nc-climate.ncsu.edu/cucurbit/moderate/viewreport.php?id=73,7/14/2010,7/10/2010,Mike Adams,NC,Sampson County,Clinton,Sentinel Plot,Giant pumpkin,,25,2,34.9979,-78.3233,Hand lens - field identification,no longer found
http://www.nc-climate.ncsu.edu/cucurbit/moderate/viewreport.php?id=203,9/13/2010,9/6/2010,Mike L. Adams,NC,Sampson County,Clinton,Sentinel Plot,Cucumber,,20,3,34.9979,-78.3233,Hand lens - field identification,yes
http://www.nc-climate.ncsu.edu/cucurbit/moderate/viewreport.php?id=220,9/21/2010,9/14/2010,Mike L. Adams,NC,Sampson County,Clinton,Sentinel Plot,"Butternut squash, Cantaloupe",,20,4,34.9979,-78.3233,Hand lens - field identification,yes
http://www.nc-climate.ncsu.edu/cucurbit/moderate/viewreport.php?id=230,9/29/2010,9/21/2010,Mike L. Adams,NC,Sampson County,Clinton,Sentinel Plot,"Acorn squash, Yellow/Summer squash",,15,2,34.9979,-78.3233,Hand lens - field identification,yes
http://www.nc-climate.ncsu.edu/cucurbit/moderate/viewreport.php?id=243,10/14/2010,9/29/2010,Mike L. Adams,NC,Sampson County,Clinton,Sentinel Plot,Giant pumpkin,,15,1,34.9979,-78.3233,Hand lens - field identification,yes
http://www.nc-climate.ncsu.edu/cucurbit/moderate/viewreport.php?id=182,9/2/2010,8/27/2010,W Britton,NC,Washington County,Creswell,Commercial Field,Cucumber,,15,10,35.8704,-76.3922,Visual; After Incubation,yes
http://www.nc-climate.ncsu.edu/cucurbit/moderate/viewreport.php?id=22,6/9/2010,5/23/2010,Bill Jester,NC,Wilson County,Wilson,Commercial Field,Cantaloupe,,1,0,35.6524,-77.8554,Visual; After Incubation,yes
http://www.nc-climate.ncsu.edu/cucurbit/moderate/viewreport.php?id=162,8/17/2010,8/9/2010,Cheryl A. Smith,NH,Hillboro County,Weare,Commercial Field,Cucumber,,100,75,43.0948,-71.7306,Light Microscope; Before Incubation,no longer found
http://www.nc-climate.ncsu.edu/cucurbit/moderate/viewreport.php?id=142,8/9/2010,7/15/2010,Cheryl Smith,NH,Sullivan County,Plainfield,Commercial Field,"Cantaloupe, Cucumber",,75,80,43.5342,-72.3561,Light Microscope; Before Incubation,no longer found
http://www.nc-climate.ncsu.edu/cucurbit/moderate/viewreport.php?id=114,7/29/2010,7/29/2010,Andy Wyenandt,NJ,Cumberland County,Bridgeton,Commercial Field,Cucumber,,20,20,39.4273,-75.2341,Dissecting Microscope; No Incubation,yes
http://www.nc-climate.ncsu.edu/cucurbit/moderate/viewreport.php?id=122,8/3/2010,8/2/2010,Krisian Holmstrom,NJ,Hunterdon County,Pittstown,Sentinel Plot,Cucumber,,5,1,40.5562,-74.9574,Dissecting Microscope; No Incubation,yes
http://www.nc-climate.ncsu.edu/cucurbit/moderate/viewreport.php?id=227,9/28/2010,9/24/2010,Kristian Holmstrom,NJ,Hunterdon County,Pittstown,Sentinel Plot,Butternut squash,,50,10,40.557,-74.9571,Dissecting Microscope; No Incubation,yes
http://www.nc-climate.ncsu.edu/cucurbit/moderate/viewreport.php?id=45,7/6/2010,7/3/2010,Chris Smart,NY,Cattaraugus County,,Commercial Field,Cucumber,,40,80,42.2318,-78.7476,Visual; No Incubation,no longer found
http://www.nc-climate.ncsu.edu/cucurbit/moderate/viewreport.php?id=36,6/29/2010,6/29/2010,Chris Smart,NY,Erie County,,Commercial Field,Cucumber,,0,0,42.6975,-78.7476,Dissecting Microscope; No Incubation,no longer found
http://www.nc-climate.ncsu.edu/cucurbit/moderate/viewreport.php?id=178,8/26/2010,8/5/2010,W. Britton for C. Bornt,NY,Fulton County,,Commercial Field,Giant pumpkin,,?,?,43.1119,-74.4995,Hand lens - field identification,no longer found
http://www.nc-climate.ncsu.edu/cucurbit/moderate/viewreport.php?id=43,7/6/2010,7/5/2010,Chris Smart,NY,Genesee County,,Commercial Field,Cucumber,,20,1,42.9838,-78.1564,Visual; No Incubation,no longer found
http://www.nc-climate.ncsu.edu/cucurbit/moderate/viewreport.php?id=37,6/30/2010,6/29/2010,Chris Smart,NY,Niagara County,,Commercial Field,Cucumber,,1,1,43.312,-78.7476,Visual; After Incubation,no longer found
http://www.nc-climate.ncsu.edu/cucurbit/moderate/viewreport.php?id=70,7/12/2010,7/10/2010,Chris Smart,NY,Ontario County,,Commercial Field,Cucumber,,1,1,42.851,-77.2865,Visual; After Incubation,no longer found
http://www.nc-climate.ncsu.edu/cucurbit/moderate/viewreport.php?id=112,7/28/2010,7/28/2010,Chris Smart,NY,Ontario County,Geneva,Research Plot,Cucumber,,100,3,42.869,-76.9777,Dissecting Microscope; No Incubation,no longer found
http://www.nc-climate.ncsu.edu/cucurbit/moderate/viewreport.php?id=40,7/2/2010,7/2/2010,Chris Smart,NY,Orleans County,,Commercial Field,Cucumber,,2,0.5,43.4089,-78.202,Visual; No Incubation,no longer found
http://www.nc-climate.ncsu.edu/cucurbit/moderate/viewreport.php?id=179,8/26/2010,8/5/2010,W. Britton for C. Bornt,NY,Schoharie County,,Commercial Field,"Cantaloupe, Cucumber",,?,?,42.655,-74.4995,Hand lens - field identification,no longer found
http://www.nc-climate.ncsu.edu/cucurbit/moderate/viewreport.php?id=226,9/27/2010,9/20/2010,Margaret T McGrath,NY,Suffolk County,Mattituck,Commercial Field,Cucumber,,5,0.1,40.9912,-72.5343,Dissecting Microscope; No Incubation,no longer found
http://www.nc-climate.ncsu.edu/cucurbit/moderate/viewreport.php?id=237,10/12/2010,10/3/2010,Margaret T McGrath,NY,Suffolk County,Wading River,Home Garden,"Acorn squash, Yellow/Summer squash",,100,15,40.9504,-72.8426,Dissecting Microscope; After Incubation,no longer found
http://www.nc-climate.ncsu.edu/cucurbit/moderate/viewreport.php?id=225,9/27/2010,9/20/2010,Margaret T McGrath,NY,Suffolk County,Riverhead,Research Plot,Cucumber,,10,0.1,40.917,-72.662,Dissecting Microscope; No Incubation,no longer found
http://www.nc-climate.ncsu.edu/cucurbit/moderate/viewreport.php?id=190,9/7/2010,9/1/2010,Margaret T McGrath,NY,Suffolk County,Riverhead,Sentinel Plot,Cucumber,,50,10,40.917,-72.662,Dissecting Microscope; No Incubation,no longer found
http://www.nc-climate.ncsu.edu/cucurbit/moderate/viewreport.php?id=191,9/8/2010,9/7/2010,Margaret T McGrath,NY,Suffolk County,Riverhead,Sentinel Plot,"Butternut squash, Cantaloupe",,13,1,40.917,-72.662,Dissecting Microscope; No Incubation,no longer found
http://www.nc-climate.ncsu.edu/cucurbit/moderate/viewreport.php?id=205,9/13/2010,9/13/2010,Margaret T McGrath,NY,Suffolk County,Riverhead,Sentinel Plot,"Acorn squash, Yellow/Summer squash",,50,0.5,40.917,-72.662,Dissecting Microscope; No Incubation,no longer found
http://www.nc-climate.ncsu.edu/cucurbit/moderate/viewreport.php?id=133,8/4/2010,8/2/2010,Michael Mazourek,NY,Tompkins County,Varna,Research Plot,Cucumber,,2,10,42.455,-76.4381,Visual; No Incubation,no longer found
http://www.nc-climate.ncsu.edu/cucurbit/moderate/viewreport.php?id=44,7/6/2010,7/4/2010,Sally Miller,OH,Erie County,Castalia,Commercial Field,Cucumber,,30,50,41.4001,-82.8085,Visual; No Incubation,no longer found
http://www.nc-climate.ncsu.edu/cucurbit/moderate/viewreport.php?id=64,7/9/2010,7/3/2010,Sally Miller,OH,Erie County,Castalia,Commercial Field,Cucumber,,15,20,41.4001,-82.8085,Light Microscope; Before Incubation,no longer found
http://www.nc-climate.ncsu.edu/cucurbit/moderate/viewreport.php?id=94,7/22/2010,6/24/2010,Sally Miller,OH,Geauga County,Middlefield,Commercial Field,Cucumber,,10,0,41.462,-81.0737,Visual; No Incubation,no longer found
http://www.nc-climate.ncsu.edu/cucurbit/moderate/viewreport.php?id=31,6/23/2010,6/23/2010,Sally Miller,OH,Holmes County,Fredericksburg,Commercial Field,Cucumber,,1,20,40.6456,-81.8372,Visual; No Incubation,no longer found
http://www.nc-climate.ncsu.edu/cucurbit/moderate/viewreport.php?id=96,7/22/2010,7/20/2010,Sally Miller,OH,Holmes County,Fredericksburg,Commercial Field,Cantaloupe,,30,20,40.6533,-81.794,Light Microscope; After Incubation,no longer found
http://www.nc-climate.ncsu.edu/cucurbit/moderate/viewreport.php?id=63,7/9/2010,6/29/2010,Sally Miller,OH,Sandusky County,Fremont,Commercial Field,Cucumber,,20,50,41.3503,-83.1219,Light Microscope; Before Incubation,no longer found
http://www.nc-climate.ncsu.edu/cucurbit/moderate/viewreport.php?id=86,7/19/2010,7/19/2010,Sally Miller,OH,Sandusky County,Fremont,Sentinel Plot,Cucumber,,1,0,41.3503,-83.1219,Visual; No Incubation,no longer found
http://www.nc-climate.ncsu.edu/cucurbit/moderate/viewreport.php?id=89,7/21/2010,7/20/2010,Sally Miller,OH,Sandusky County,Fremont,Sentinel Plot,Cucumber,,1,5,41.3503,-83.1219,Visual; No Incubation,no longer found
http://www.nc-climate.ncsu.edu/cucurbit/moderate/viewreport.php?id=58,7/8/2010,7/4/2010,Sally Miller,OH,Seneca County,Liberty,Commercial Field,Cucumber,,10,2,41.2224,-83.2292,Light Microscope; Before Incubation,no longer found
http://www.nc-climate.ncsu.edu/cucurbit/moderate/viewreport.php?id=99,7/22/2010,7/21/2010,Sally Miller,OH,Summit County,Norton,Commercial Field,Cucumber,,5,,40.4339,-83.0738,Visual; No Incubation,no longer found
http://www.nc-climate.ncsu.edu/cucurbit/moderate/viewreport.php?id=137,8/6/2010,7/30/2010,Bill Brown,OH,Summit County,Akron,Home Garden,Cucumber,,80,15,41.0511,-81.4972,Visual; After Incubation,no longer found
http://www.nc-climate.ncsu.edu/cucurbit/moderate/viewreport.php?id=95,7/22/2010,7/1/2010,Sally Miller,OH,Trumbull County,Mesopotamia,Commercial Field,Cucumber,,0,0,41.457,-80.9556,Visual; No Incubation,no longer found
http://www.nc-climate.ncsu.edu/cucurbit/moderate/viewreport.php?id=42,7/6/2010,6/23/2010,Sa,OH,Wayne County,West Salem,Commercial Field,Cucumber,,5,5,40.9706,-82.1112,Visual; No Incubation,no longer found
http://www.nc-climate.ncsu.edu/cucurbit/moderate/viewreport.php?id=41,7/6/2010,7/1/2010,Sally Miller,OH,Wayne County,Wooster,Home Garden,Cucumber,,100,60,40.7829,-81.9317,Visual; No Incubation,no longer found
http://www.nc-climate.ncsu.edu/cucurbit/moderate/viewreport.php?id=57,7/8/2010,7/3/2010,Sally Miller,OH,Wayne County,Wooster,Sentinel Plot,Cucumber,,2,5,40.8051,-81.9351,Dissecting Microscope; No Incubation,no longer found
http://www.nc-climate.ncsu.edu/cucurbit/moderate/viewreport.php?id=85,7/19/2010,7/17/2010,Sally Miller,OH,Wayne County,Wooster,Sentinel Plot,Cucumber,,35,0,40.7712,-81.9083,Visual; No Incubation,no longer found
http://www.nc-climate.ncsu.edu/cucurbit/moderate/viewreport.php?id=62,7/9/2010,7/4/2010,Sally Miller,OH,Wood County,Perry,Commercial Field,Cucumber,,5,20,41.1972,-83.4857,Light Microscope; Before Incubation,no longer found
http://www.nc-climate.ncsu.edu/cucurbit/moderate/viewreport.php?id=74,7/15/2010,7/6/2010,Wendy Britton for M. Celetti,ON,Chatham,,Commercial Field,Cucumber,,5,5,42.4048,-82.191,Visual; After Incubation,no longer found
http://www.nc-climate.ncsu.edu/cucurbit/moderate/viewreport.php?id=75,7/15/2010,7/6/2010,W. Britton for M. Celetti,ON,Elgin,Alymer,Commercial Field,Cucumber,,5,5,42.7728,-80.984,Visual; After Incubation,no longer found
http://www.nc-climate.ncsu.edu/cucurbit/moderate/viewreport.php?id=150,8/13/2010,7/15/2010,Andrew Oosting,ON,Guelph,,Home Garden,Cucumber,,95,50,43.5391,-80.2476,Visual; After Incubation,no longer found
http://www.nc-climate.ncsu.edu/cucurbit/moderate/viewreport.php?id=29,6/18/2010,6/16/2010,Michael Celetti,ON,Hamilton Division,Hamilton,Commercial Field,Cucumber,,10,10,43.3973,-79.9801,Dissecting Microscope; After Incubation,no longer found
http://www.nc-climate.ncsu.edu/cucurbit/moderate/viewreport.php?id=156,8/17/2010,8/10/2010,W. Britton for M. Celetti,ON,kent,Chatham,Sentinel Plot,"Cantaloupe, Cucumber, Watermelon",,100,75,42.4,-82.1833,Visual; No Incubation,no longer found
http://www.nc-climate.ncsu.edu/cucurbit/moderate/viewreport.php?id=158,8/17/2010,8/10/2010,W. Britton for M. Celetti,ON,Norfolk,Simcoe,Sentinel Plot,"Cantaloupe, Cucumber, Watermelon",,100,75,42.8358,-80.3068,Visual; No Incubation,no longer found
http://www.nc-climate.ncsu.edu/cucurbit/moderate/viewreport.php?id=102,7/23/2010,7/21/2010,Beth Gugino,PA,Centre County,Pine Grove Mills,Sentinel Plot,Cucumber,,<1,<1%,40.7337,-77.8856,Visual; No Incubation,no longer found
http://www.nc-climate.ncsu.edu/cucurbit/moderate/viewreport.php?id=118,7/30/2010,7/28/2010,Beth Gugino,PA,Centre County,Pine Grove Mills,Sentinel Plot,Cantaloupe,,1,2,40.7337,-77.8856,Light Microscope; Before Incubation,no longer found
http://www.nc-climate.ncsu.edu/cucurbit/moderate/viewreport.php?id=151,8/17/2010,8/6/2010,Beth Gugino,PA,Clarion County,Knox,Home Garden,Cucumber,,,,41.2345,-79.5373,Visual; After Incubation,no longer found
http://www.nc-climate.ncsu.edu/cucurbit/moderate/viewreport.php?id=168,8/22/2010,8/6/2010,Beth Gugino,PA,Erie County,Harbor Creek,Commercial Field,"Cantaloupe, Cucumber",,60,50,42.1664,-79.9528,Visual; No Incubation,no longer found
http://www.nc-climate.ncsu.edu/cucurbit/moderate/viewreport.php?id=169,8/22/2010,8/10/2010,Beth Gugino,PA,Erie County,Fairview,Commercial Field,Cucumber,,1,1,42.0314,-80.2553,Visual; No Incubation,no longer found
http://www.nc-climate.ncsu.edu/cucurbit/moderate/viewreport.php?id=153,8/17/2010,8/5/2010,Beth Gugino,PA,Lancaster County,Georgetown,Commercial Field,Cucumber,,10,,40.6415,-80.4978,Visual; After Incubation,no longer found
http://www.nc-climate.ncsu.edu/cucurbit/moderate/viewreport.php?id=154,8/17/2010,8/5/2010,Beth Gugino,PA,Lancaster County,Georgetown,Commercial Field,Cucumber,,10,,40.6415,-80.4978,Visual; No Incubation,no longer found
http://www.nc-climate.ncsu.edu/cucurbit/moderate/viewreport.php?id=155,8/17/2010,8/11/2010,Beth Gugino,PA,Lancaster County,Landisville,Sentinel Plot,Cucumber,,20%,30%,40.0954,-76.41,Visual; No Incubation,no longer found
http://www.nc-climate.ncsu.edu/cucurbit/moderate/viewreport.php?id=152,8/17/2010,7/29/2010,Beth Gugino,PA,Lawrence County,Bew Castle,Home Garden,Cantaloupe,,,,41.0037,-80.347,Visual; After Incubation,no longer found
http://www.nc-climate.ncsu.edu/cucurbit/moderate/viewreport.php?id=117,7/30/2010,7/16/2010,Beth Gugino,PA,Westmoreland County,Greensburg,Commercial Field,Cucumber,,5,10,40.3015,-79.5389,Visual; No Incubation,no longer found
http://www.nc-climate.ncsu.edu/cucurbit/moderate/viewreport.php?id=141,8/9/2010,7/29/2010,W. Britton for B. Gugino,PA,Westmoreland County,Herminie,Commercial Field,Cucumber,,40,40,40.2634,-79.7175,Visual; No Incubation,no longer found
http://www.nc-climate.ncsu.edu/cucurbit/moderate/viewreport.php?id=247,10/14/2010,9/27/2010,Anthony Keinath,SC,Bamberg County,Ehrhardt,Commercial Field,Cucumber,,,,33.0968,-81.0143,Visual; No Incubation,yes
http://www.nc-climate.ncsu.edu/cucurbit/moderate/viewreport.php?id=186,9/3/2010,8/27/2010,Anthony Keinath,SC,Barnswell County,Blackville,Research Plot,,Pumpkin (C. pepo),5,2,33.3579,-81.2707,Visual; No Incubation,yes
http://www.nc-climate.ncsu.edu/cucurbit/moderate/viewreport.php?id=208,9/15/2010,9/14/2010,Ginny DuBose,SC,Charleston County,Charleston,Research Plot,Watermelon,,10,5,32.7928,-80.0644,Dissecting Microscope; No Incubation,yes
http://www.nc-climate.ncsu.edu/cucurbit/moderate/viewreport.php?id=24,6/14/2010,6/13/2010,Greg Baccari,SC,Charleston County,Charleston,Sentinel Plot,Cucumber,,60,15,32.7766,-79.9309,Light Microscope; Before Incubation,no longer found
http://www.nc-climate.ncsu.edu/cucurbit/moderate/viewreport.php?id=35,6/29/2010,6/28/2010,Ginny DuBose,SC,Charleston County,,Sentinel Plot,"Acorn squash, Yellow/Summer squash, Butternut squash",,20,5,32.7928,-80.0644,Dissecting Microscope; No Incubation,no longer found
http://www.nc-climate.ncsu.edu/cucurbit/moderate/viewreport.php?id=59,7/9/2010,7/7/2010,Ginny DuBose,SC,Charleston County,Charleston,Sentinel Plot,Giant pumpkin,,15,5,32.7928,-80.0644,Dissecting Microscope; After Incubation,no longer found
http://www.nc-climate.ncsu.edu/cucurbit/moderate/viewreport.php?id=196,9/10/2010,9/10/2010,Ginny DuBose,SC,Charleston County,Charleston,Sentinel Plot,Cucumber,,5,5,32.7928,-80.0644,Dissecting Microscope; No Incubation,yes
http://www.nc-climate.ncsu.edu/cucurbit/moderate/viewreport.php?id=219,9/20/2010,9/20/2010,Ginny DuBose,SC,Charleston County,Charleston,Sentinel Plot,"Butternut squash, Cantaloupe",,20,5,32.7928,-80.0644,Dissecting Microscope; No Incubation,yes
http://www.nc-climate.ncsu.edu/cucurbit/moderate/viewreport.php?id=223,9/22/2010,9/22/2010,Ginny DuBose,SC,Charleston County,Charleston,Sentinel Plot,"Acorn squash, Yellow/Summer squash, Giant pumpkin",,1,5,32.7928,-80.0644,Dissecting Microscope; No Incubation,yes
http://www.nc-climate.ncsu.edu/cucurbit/moderate/viewreport.php?id=27,6/17/2010,6/12/2010,Tony Melton,SC,Clarendon County,Turbeville,Commercial Field,Cucumber,,75,80,33.8907,-80.0184,Visual; After Incubation,yes
http://www.nc-climate.ncsu.edu/cucurbit/moderate/viewreport.php?id=108,7/26/2010,7/15/2010,Anthony Keinath,SC,Horry County,,Commercial Field,Watermelon,,,,33.9197,-78.9288,Visual; No Incubation,yes
http://www.nc-climate.ncsu.edu/cucurbit/moderate/viewreport.php?id=185,9/3/2010,8/25/2010,Steve Bost,TN,Cumberland County,Monterey,Commercial Field,Giant pumpkin,miniature pumpkins,<1,<1,36.0782,-85.178,Light Microscope; Before Incubation,yes
http://www.nc-climate.ncsu.edu/cucurbit/moderate/viewreport.php?id=210,9/15/2010,9/14/2010,Steve Bost,TN,Davidson County,Nashville,Home Garden,Butternut squash,,,,36.0936,-86.7591,Visual; No Incubation,yes
http://www.nc-climate.ncsu.edu/cucurbit/moderate/viewreport.php?id=209,9/15/2010,9/8/2010,Steve Bost,TN,Robertson County,Springfield-Greenbrier,Research Plot,"Pumpkin, jack-o-lantern type",,30,<1,36.4597,-86.8421,Light Microscope; Before Incubation,yes
http://www.nc-climate.ncsu.edu/cucurbit/moderate/viewreport.php?id=84,7/18/2010,7/12/2010,Tom Isakeit,TX,Brazos County,,Sentinel Plot,Watermelon,,80,2,30.6305,-96.3713,Light Microscope; Before Incubation,no longer found
http://www.nc-climate.ncsu.edu/cucurbit/moderate/viewreport.php?id=15,5/28/2010,5/24/2010,Mark,TX,Frio County,Pearsall,Commercial Field,Watermelon,,10,1,28.7879,-99.052,Dissecting Microscope; No Incubation,no longer found
http://www.nc-climate.ncsu.edu/cucurbit/moderate/viewreport.php?id=21,6/5/2010,5/7/2010,Tom Isakeit,TX,Hidalgo County,Hargill,Commercial Field,Watermelon,,70,30,26.4061,-98.0132,Light Microscope; Before Incubation,no longer found
http://www.nc-climate.ncsu.edu/cucurbit/moderate/viewreport.php?id=91,7/21/2010,6/15/2010,Benny Bruton,TX,Houston County,Grapeland,Commercial Field,Watermelon,,75,20,31.4827,-95.5035,Dissecting Microscope; No Incubation,no longer found
http://www.nc-climate.ncsu.edu/cucurbit/moderate/viewreport.php?id=130,8/3/2010,7/22/2010,Tom Isakeit,TX,Leon County,Centerville,Commercial Field,Watermelon,,100,15,31.2207,-95.9364,Light Microscope; Before Incubation,no longer found
http://www.nc-climate.ncsu.edu/cucurbit/moderate/viewreport.php?id=134,8/4/2010,7/30/2010,Karl Steddom,TX,Rusk County,Overton,Research Plot,"Cucumber, Watermelon",,100,80,32.345,-94.9742,Light Microscope; Before Incubation,no longer found
http://www.nc-climate.ncsu.edu/cucurbit/moderate/viewreport.php?id=148,8/12/2010,8/10/2010,Steve Rideout,VA,Accomack County,Painter,Sentinel Plot,Cucumber,,10,2,37.5854,-75.7849,Visual; After Incubation,yes
http://www.nc-climate.ncsu.edu/cucurbit/moderate/viewreport.php?id=47,7/7/2010,7/6/2010,Alyson Thornton,WI,Columbia County,Columbus,Research Plot,Cucumber,,5,50,43.338,-89.0154,Dissecting Microscope; No Incubation,no longer found
http://www.nc-climate.ncsu.edu/cucurbit/moderate/viewreport.php?id=67,7/12/2010,7/9/2010,Alyson Thornton,WI,Dane County,East Bristol,Research Plot,Cucumber,,5,40,43.2683,-89.1526,Dissecting Microscope; No Incubation,no longer found
http://www.nc-climate.ncsu.edu/cucurbit/moderate/viewreport.php?id=88,7/20/2010,7/20/2010,Alyson Thornton,WI,Dane County,East Bristol,Sentinel Plot,Cucumber,,80,5,43.2683,-89.1526,Dissecting Microscope; No Incubation,no longer found
http://www.nc-climate.ncsu.edu/cucurbit/moderate/viewreport.php?id=128,8/3/2010,7/28/2010,Alyson Thornton,WI,Dane County,East Bristol,Sentinel Plot,"Acorn squash, Yellow/Summer squash, Cantaloupe, Cucumber, Watermelon",,50,30,43.2683,-89.1526,Dissecting Microscope; No Incubation,no longer found
http://www.nc-climate.ncsu.edu/cucurbit/moderate/viewreport.php?id=93,7/21/2010,7/18/2010,Alyson Thornton,WI,Portage County,Almond,Commercial Field,Cucumber,,15,10,44.2589,-89.4071,Dissecting Microscope; No Incubation,no longer found
http://www.nc-climate.ncsu.edu/cucurbit/moderate/viewreport.php?id=143,8/9/2010,8/2/2010,Amanda Gevens,WI,Waushara County,Hancock,Commercial Field,Cucumber,,10,10,44.1336,-89.5232,Light Microscope; After Incubation,no longer found
